Tweet,Sentiment
సూపర్ సినిమా,1.0
వావ్ నాకు అర్థం కాలేదు కానీ ఇప్పటికీ హోస్ట్‌ని ఎంజాయ్ చేస్తున్నాను ఆమె బాగా చేసారు అద్భుతమైన సినిమా రాజమోలి సార్ అద్భుతం,1.0
అసలు సమయం ఒక అర్దం కాలేదు ఉత్తమ సినిమా,1.0
నాకు చల్లా బాగ నచ్ధీ ఇ ఎటర్ యూ,1.0
వావ్ ఏ సినిమా చాలా బాగుంది,1.0
అద్భుతమైన సినిమా,1.0
ఎంజాయ్ చేస్తున్నాను ఉల్లాసంగా,1.0
కనీసం సబ్ టైటిల్స్ పెట్టండిఉత్తర అభిమానులు ఎలా అర్థం చేసుకుంటారు,1.0
జై ఎన్టీఆర్ అన్న,1.0
అందరూ చాలా విచిత్రంగా సృజనాత్మకంగా ఉన్నారు,1.0
నేను దీన్ని చాలా చూడాలనుకుంటున్నాను,1.0
సూపర్ అన్నా,1.0
ఎంవి చూసాకా చూస్తున్నా ఎంవి సప్పర్❤,1.0
చాలా వినోదాత్మకంగా మరియు నవ్వుతూ,1.0
అద్భుతమైన,1.0
చాలా ఎంజాయ్ చేసాము సార్,1.0
ఆ సినిమాలోని కొమరం భీముడో పాట నుంచి ఇంకా బయటకు రాలేకపోతున్నాను రామ్ అన్న చేతిలో ఎన్టీఆర్ అన్న దెబ్బలు తింటుంటే నా కళ్లలో నీళ్లు తిరిగాయి,1.0
రాజమౌళి తెలుగు చిత్ర పరిశ్రమలో నోలన్,1.0
దయచేసి మీరు ఆంగ్ల ఉపశీర్షికను జోడించగలరా<> అంతర్జాతీయ అభిమాని మాకు అర్థం కాలేదు<>కానీ అక్కడ సంతోషకరమైన ముఖం చూడాలని నేను ఇప్పటికీ చూస్తున్నాను,1.0
నాకు ఈ భాష అర్థం కాలేదు కానీ నేను ఈ ఇంటర్వ్యూని ఆస్వాదించాను ఎక్స్‌ప్రెషన్స్ కానీ రామ్‌చరణ్ ఎప్పుడూ ఎందుకు తక్కువ మాట్లాడతాడు నేను అతని వాయిస్‌ని ప్రేమిస్తున్నాను ❤,1.0
అందమైన వ్యక్తీకరణ తారక్,1.0
జై ఎన్టీఆర్ <>జై జై జై ఎన్టీఆర్,1.0
ముందు మృగం మరియు జెర్సీ <>నిలువలేదు,1.0
ఏం చెప్పాలో నాకు తెలియదు<>కానీ నేను మీ ఇద్దరి అభిమానిని,1.0
నాకు అర్థం కాలేదు కానీ ఇంకా ఆనందిస్తున్నాను,1.0
నేను హిందీ మాట్లాడే ప్రతిసారీ నవ్వుతాను ఈ వ్యక్తులు చాలా విషయాలు అర్థం చేసుకోకుండా నవ్వుతున్నారు నేను రామ్ చరణ్‌ని ప్రేమిస్తున్నాను ❤️❤️ నుండి ప్రేమ,1.0
జై పాన్ ఇండియా టైగర్,1.0
రాజమౌళి దర్శకత్వం వహించారు;<> అనే పదాలు సినిమా బ్లాక్ బస్టర్ కావడానికి సరిపోతాయి,1.0
ఓన్లీ సినిమా చూడాలి అందరు హీరోలు లేరు అందరు చూడాలి ఐకానిక్ సినిమా,1.0
హీరో ఎన్ డైరెక్టర్ సార్ అనుకుంటారుకానీ రాజమౌళి ఎన్ ఎన్టీఆర్ ఆడు వీడు అనుకునే బాండింగ్ సూపర్,1.0
గొప్ప నటులు ఎన్డీ రాజ్ మౌళి సర్,1.0
ఏదైనా కేజీఎఫ్ అభిమానులు,1.0
రెడ్ షర్ట్ లో చెర్రీ రియాక్షన్ అద్భుతంగా ఉంది,1.0
సినిమా బ్లాక్ బస్టర్,1.0
సినిమా సూపర్,1.0
అంత బాగుండి,1.0
ఎంతైనా ఎన్టీఆర్ అన్న ఎన్టీఆర్ అన్ననే ❤️,1.0
ఈ షార్ట్ ఫిల్మ్ <>తెలుగు కామెడి షార్ట్ ఫిలిం లో పుష్ప డాన్స్ <>అల్టిమేట్ తెలుగు కామెడీ కొత్త షార్ట్ ఫిల్మ్ <> నవ్వు ఆపుకోలేరు <>< =,1.0
జూనియర్ ఎన్టీఆర్ ❤️,1.0
హలో అబ్బాయిలు నేను ఇప్పటికే సార్లు చూశా సినిమా మళ్లీ వెలుతున్న ఈరోజు బుర్రపాడు సినిమా అయితే ఒక్కటి ☝️ విషయం ఇంత డెడికేషన్ తీసుకున్న రాజమౌళి సర్ ఎందుకు ఎన్టీఆర్ సార్ ఒక సీన్ మేధా కొంచెం దృష్టి పెట్టలేదు ఆది కొంచెం అనిపించే సీన్లు చాలా ఉన్నాయి,1.0
ఎంత పెద్ద పులి అయినా తల్లి దగ్గర పిల్ల ఆటలే అన్నట్టు ఎన్టీఆర్ కి జక్కన్న తోటి అట్లే,1.0
అప్పుడప్పుడు కోపం వచ్చినప్పుడు నా ప్రకాశం యాసలోకి జారుకుంటాను,1.0
దయచేసి మీమ్ వీడియో యొక్క వ భాగాన్ని తీసుకురండి<>ఇది చాలా సరదాగా ఉంది,1.0
దయచేసి ఎన్టీఆర్ అన్న నీ జీవితంలో ఆ దొంగ రాజమౌళి తో సినిమా చేయొద్దు ప్లీజ్ అన్న మళ్ళీ మోసపోవద్దు,1.0
మా ఎన్టీఆర్ అన్నని నమ్మించి మోసం చేసాడు రాజమౌళి ఎందుకంటే రాజమౌళి కి ఫస్ట్ సినిమా డైరెక్టర్ గా అవకాశం ఇచ్చాడు కదా మా అన్న ఎన్టీఆర్ అన్న,1.0
చెత్తగా ఉంది,1.0
జనని పాట సినిమా లో ఉందా లేదు,1.0
మీకు మీరే డబ్బా,1.0
సూపర్,1.0
మంచిది,1.0
జై ఎన్టీఆర్,1.0
సినిమా మూడు భాగాలుగా విడుదలై ఉండవచ్చు అలా అయితే బాగుండేది ఫ్రాంచైజ్ కాదు సిరీస్‌గా వచ్చి ఉండవచ్చు,1.0
మంచి ఇంటర్వ్యూ నేను ఆనందించాను,1.0
భీమ్ ముస్లింగా క్రీస్తు శిలువ వేయబడ్డాడు తరువాత ఆంజనేయుడు ఇంత పాత్ర ఎందుకు మరియు అతని తండ్రి సినిమా విడుదలలో ఎన్టీఆర్ పాత్రను కించపరచడం ప్రారంభించి రామ్‌ను హైలైట్ చేయడం ప్రారంభించాడు అప్పుడు మీరు టైర్ హీరోని తీసుకోవాలి ఇది సినిమాలో కూడా మంచిది కాదు క్లైమాక్స్‌లో ఎన్‌టిఆర్‌ అతనిని ఎత్తాడు ఎన్‌టిఆర్‌ ఫైటర్‌ యు డౌన్‌గ్రేడ్‌ చేసిన భీమ్‌ క్యారెక్టర్‌ని రామ్‌ని చూపించాల్సిన అవసరం లేదు అతను రామ్‌గా మారినంత మాత్రాన హైలైట్‌ బాగానే ఉందని మీకు అనిపిస్తే మీరు భీమ్‌ని వివిధ యాంగిల్‌లో హైలైట్ చేసి ఉండవచ్చు వీక్షకులపై ప్రభావం చూపుతోంది<><>నేను సినిమా చూసేంత వరకు రామాయణం లాగా అందరూ చెప్పడంతో నేను మీ మాటలు నమ్మాను కాబట్టి మీరు టైర్ హీరోని తీయవచ్చు టాప్ హీరోని అవమానించకూడదు సీన్ హైలైట్ కూడా అంగీకరించవచ్చు మీరు చేసిన రామ్ కోసం ఎన్టీఆర్‌ సార్‌ సినిమా చూస్తే కచ్చితంగా నుంచి సీన్స్‌ హైలైట్‌ అవుతాయి భీమ్ సినిమాలో రామ్ ఒక్కడే హీరో అన్నయ్య పాత్రకు సపోర్టుగా ఉంటాడని కొందరు అంటున్నారు,1.0
మీరంతా మంచి పని చేస్తున్నారు,1.0
ఎన్టీఆర్ ❤❤❤❤,1.0
ఇందులో మేమర్స్ గురించి చెప్పడమే హైలైట్,1.0
సరిగ్గా నవ్వుకున్న తారక్ అన్న రామ్ చరణ్ అన్న లవ్ యు,1.0
రామ్‌చరణ్ ఎక్కువ తీసుకోలేదు,1.0
అయ్యో,1.0
నేను ఈ ప్రమోషనల్ ఇంటర్వ్యూని ఎన్ని సార్లు చూశానో నాకు తెలియదు పదే పదే ఈ ఇంటర్వ్యూని చూశాను సుమ గారు ఎప్పుడూ సూపర్ సూపర్ సుమ గారు నుండి ఇలాంటివి మరిన్ని కోరుకుంటున్నాము,1.0
సుమ టాలీవుడ్ ఇండస్ట్రీలో బెస్ట్ యాంకర్ అస్సలు డౌట్ లేదు,1.0
నేను తమిళుడిని జూఎన్టీఆర్ రామారావుగారికి కృతజ్ఞతలు,1.0
లాస్ట్ లో ఆ ఇంటర్వ్యూ ఎక్కడ వుంది ఆ లేడీ యాంకర్ తో,1.0
తో యే ప్రకాత్ కా లా హై అమర్ కె పాస్ మెషిన్ హాయ్ లే జాయేగా,1.0
ఫ్యాన్స్ అని పిలవబడే వారందరికీ ప్రమోషన్ల సమయంలో థియేటర్లలో ఎలా ప్రవర్తించాలి మరియు ఇతరులకు ఇబ్బంది కలగకూడదని మేము ఆశిస్తున్నాము,1.0
క్యూకి ఖతం హోనే కా లా చలేగా హై రీసెర్చ్ పే ఇఫ్ నహీ ఆయా అమర్ తో సాహీ హై,1.0
శాస్త్రవేత్తలకు ఎంపికలు నహీ బాతా హక్ కరేగా ధర్మ్ సిద్ధ్ వాజా సే ఫైట్ కరేగా,1.0
రామ్‌చరణ్ ఏంటి ఇంట్రోవర్ట్ లాగా ఉన్నాడు,1.0
ఎన్టీఆర్ అల్లు అర్జున్ లేకుంటే ఇండస్ట్రీలో ఎనర్జీ ఉండదువాళ్లను రామ్ చరణ్ డామినేట్ చేయలేడు,1.0
ఎన్టీఆర్ ఇండస్ట్రీకి దొరికిన గొప్ప వరం,1.0
సమాజ్ మే నై ఆయా పర్ అచా ల్గా,1.0
నవ్వా ల సచ్చా ఇప్పటి వరకు చాలా సార్లు చూసారు కానీ ఇంకా చూస్తున్నారు సుమ మరియు తారక్ రాక్ చేసారు :),1.0
ఎన్టీఆర్ రామ్ చరణ్ కాంబినేషన్,1.0
ఇంటర్వ్యూ బాగుంది దయచేసి తమిళ వెర్షన్ కూడా ఉంది,1.0
ఆ సినిమాలో ఏమీ లేదు ఇది జిమ్మిక్ మాత్రమే,1.0
వావ్ అద్భుతమైన కాన్సెప్ట్ చాలా ప్రత్యేకమైనది మరియు చివరి వరకు పూర్తిగా ఆనందించబడింది,1.0
ఎన్టిఆర్ అన్నాఆఆఆఆఅ అన్నది నాకు చాలా ఇష్టం,1.0
సూపర్ ఎంటర్టైనింగ్,1.0
ప్రియమైన స్నేహితులారా<>నేను తెలుగు మాట్లాడే వ్యక్తిని కాదు కానీ నేను ఈ చిత్రాన్ని సార్లు చూశాను మరియు ఈ వ్యక్తి మిస్టర్ రాజ్‌మొయిలీ సార్ అత్యుత్తమ భారతీయ చిత్రాలను అందించారు<>సినిమా ఎలా తీయాలో ఆయన నిర్వచించారు<>హ్యాట్స్ ఆఫ్ <>నిజంగా తెలుగు సినిమా ఇండస్ట్రీ ఊపందుకుంది<> లో రామ్ చరణ్ మరియు ప్రతి సీన్ లో నాకు గూస్ బంప్స్ ఇస్తారు<>జై హింద్ వందేమాతరం,1.0
గుడ్ ఆల్ కేరెక్టర్ బాగుంది మీ పని సూపర్ సార్,1.0
మంచి సినిమా మేకింగ్ సార్ మీకు హ్యాట్సాఫ్,1.0
ఈ సినిమా ఒక గొప్ప అనుభూతిని కలిగించే సన్నివేశం మరియు రాజమౌళి సార్ వంటి గొప్ప స్క్రీన్ ప్లే,1.0
బాగుంది,1.0
ఆడుతోంది,1.0
సూపర్ చాలా అందమైన కదలిక 🥰,1.0
లో మా అన్న సుధీర్ అన్న,1.0
జై సుధీర్ అన్న,1.0
జై సుధీర్ అన్న,1.0
లవ్ యు రాజమౌళి సార్ చాలా ధన్యవాదాలు,1.0
సినిమా ఎలావుందో చెప్పడానికి మాటలేవ్ ఈ సినిమాలో ఈ సినీ బాగలేదనీ ఎమ్మెల్యే ప్రతి విషయంలో ఇంట్రెస్ట్ గా ఉంది,1.0
రోజుల పక్కా బాహుబలి కంటే పెద్ద హిట్ కొడుతుంది,1.0
మన భారతీయ చలనచిత్ర పరిశ్రమలో ముగ్గురు అద్భుతమైన తారలు ⭐⭐⭐ ❤️❤️❤️,1.0
ఎన్టీఆర్ వేరే లెవెల్,1.0
తారక తాత గారి ఆశీర్వాదం మెండుగా ఉందీ సూ ఎంత ఎదిగావన్నాది ముక్యం కాదు ఎంత ఒదిగవన్నాడా ముక్యం సో ఒదిగిండు అడుగుతూ ఉండు ఆల్ ద బెస్ట్కన్న,1.0
ఈస్ట్ ఇండియా కంపెనీ యొక్క మూవీ మరియు టీమ్ ఐ లవ్ యు సినిమా చూశారు రెండు క్లైమాక్స్ పోరాట సన్నివేశాలను ఆశించడం చాలా అద్భుతంగా ఉంది<>నేను నిన్ను ప్రేమిస్తున్నాను ధన్యవాదాలు<>మీ వ్యసనం నుండి నన్ను విడిపించినందుకు ధన్యవాదాలు,1.0
అన్ని బాలీవుడ్ రీమేక్‌ల కంటే చాలా మెరుగ్గా ఉంది,1.0
సంజ ఎన్హి పర్ సుంకే అచ్ఛా లగా,1.0
గొప్ప విజయం సూపర్ ఇంకో బ్లాక్ బస్టర్ మూవీ,1.0
రామ్‌చరణ్ వాయిస్ చాలా లెవెల్ లో ఉంటుంది,1.0
అద్భుతమైన,1.0
సూపర్,1.0
<>చాలా ఫన్నీ ; ఉల్లాసంగా<>,1.0
చాల బాగుంది,1.0
జై ఎన్టీఆర్ 🤣🤣,1.0
ఉత్తమ యాంకర్ సుమ గారు అసాధారణ కమ్యూనికేషన్ మరియు ఇంటర్ పర్సనల్ స్కిల్స్ తోప్ అండి మీరూ,1.0
హైలీ టాలెంటెడ్ ఎన్టీఆర్ కూల్‌గై రామ్,1.0
భారతీయ సినిమా హీరోలను చూడండీ ఎంత బాగా కలిసి ఉన్నారో లోయ కలిసి ఉంటే ఫ్యాన్స్ మనం ఇంకా కలిసి ఉండాలి సినిమా బ్లాక్ బస్టర్ చేద్దాం,1.0
జైఎన్టీఆర్,1.0
చరణ్‌ని అలా చూడటం చాలా ఆసక్తికరంగా ఆసక్తికరంగా ఉంది,1.0
మేము చాలా ఎంజాయ్ చేసాము సార్ ఇక నేను సినిమా కి వెళతాను,1.0
నేను తమిళనాడుకు చెందినవాడిని తక్కువ తెలుగు తెలుసు చాలా కాలంగా ఇలా నవ్వలేదు ధన్యవాదాలు,1.0
జై ఎన్టీఆర్ ❤️,1.0
జై కొమారం భీమ్,1.0
అస్సలు మాట్లాడాడు,1.0
ఎన్టీఆర్ గ్రేట్ వర్డ్స్,1.0
నేను ఫుల్ ఎంజాయ్ చేస్తున్నాను ❤️,1.0
సూపర్ అన్నన్,1.0
ఆర్ఆర్ఆర్ జై ఎన్టీఆర్ కోసం ఆత్రుతగా ఎదురుచూస్తున్నారు,1.0
జై ఎన్టీఆర్,1.0
ఎన్టీఆర్ ❤️,1.0
ఎన్టీఆర్ గారు మేరు సూపర్,1.0
నాకు చాలా నవ్వు వచ్చింది,1.0
ఉల్లాసంగా,1.0
నేను ఇలా నవ్వి చాలా కాలమైంది,1.0
గొప్ప నటులు నటించారు రాజమౌళి సార్ చాలా బాగుంది,1.0
ఈ ఇంటర్వ్యూ యొక్క నటన అంతా కానీ ని ఆస్వాదించాను,1.0
లో అత్యుత్తమ కామెడీ ప్రమోషన్‌లు,1.0
మేధి ఏమైపోయింది టిక్కెట్లు కోసం సాస్తునం ఇకా❤,1.0
అత్యుత్తమ సరదా సినిమా,1.0
జై చరణ్,1.0
రామ్ చరణ్ తేజ్ చాలా డీసెంట్,1.0
ఎన్టీఆర్ ఫన్ వెరీ లెవెల్,1.0
అంతటా నా ముఖంలో చిరునవ్వు ఉంది,1.0
రామ్ చరణ్ సూపర్,1.0
జై చరణ్ అన్న ఎన్టీఆర్ అన్న,1.0
రవితేజభామానందంమీమ్స్ డెమి గాడ్స్,1.0
మీ సినిమాకి ఆల్ ది బెస్ట్,1.0
జై ఎన్టీఆర్,1.0
మూవీ ప్రపంచ స్థాయిలో మంచి గుర్తింపు రావాలి ప్రపంచంలో ఇప్పటి వరకు ఉన్న సినిమాలు అన్ని రికార్డులు చెరిగిపోయి మళ్ళీ ఈ రికార్డు చేరడానికి స వత్సరాలు వరకు తిరుగులేకుండా ఉండాలి అని ఒక ❤నందమూరి తారకరామారావు ❤గారి అభిమానిగా కోరుకుంటున్నాను అలాగే రాంచరణ్ గారికి మరియు ప్రపంచ స్థాయిలో తెలుగు వాడు కాలరు ఎగరావేసుకునేలా చేసిన మన రాజమౌళి గారికి నా హృదయపూర్వక మనస్ఫూర్తిగా ముచ్చటగా ముగ్గురుకి అల్ ద బెస్ట్ చెప్తూ ❤;;❤ ❤> <> అభిమానిగా<> మీ<>నగిరికంటి నాగ సుబ్రహ్మణ్యేశ్వరరావు ( ),1.0
చాలా ఎంజాయ్ చేశాం సార్,1.0
జై సుధీర్ అన్న,1.0
ఎన్టీఆర్ సూపర్ ఆర్సీ కూల్ చాల బాగుండి ఎపిసోడ్ బాగుంది ఎన్టీఆర్ ఫుల్ జోష్ లో ఉన్నాడు,1.0
స్టైలిష్ రామ్ చరణ్ సార్,1.0
అందరు సినిమాల్లో హీరోలు బయట ఇలా గాలుఏంటికి పనికి రారు,1.0
ఏంటి తమ్ముడు టాయ్గర్ మేధా మీమ్స్ ఆ,1.0
మీ ప్రమోషన్స్ కే డబ్బులు వచ్చేలా ఉన్నాయ్ కదా రాజమౌళి బాబుగారూ,1.0
ఇది అత్యుత్తమ అంతా నవ్వాను,1.0
జై ఎన్టీఆర్,1.0
తారక్ బాగా మాట్లాడుతున్నాడు,1.0
రాజమొలి గారు మీరు ; ఎన్టీఆర్ విల ఎదర్ని తీసుకొనే శ్రద్ధ చాల ముచ్చటగా ఉన్నది ఓక తండ్రీ తన పిల్లల్ని ఎలా చూసుకుంటారు ఈదార్ని రెండు కళ్ళు మీ రు చాల ప్రేమ కనభరిస్తున్నారు రాజమోళి గారు,1.0
జై ఎన్టీఆర్,1.0
జై ఆర్‌సి,1.0
ఉల్లాసంగా,1.0
జై రాంచరణ్,1.0
సూపర్ షో ప్లీజ్ ఇది చాలా ఫన్నీ మరియు ఆనందించేలా చేయండి ❤️,1.0
ఎన్టీఆర్ అన్నయ,1.0
ఎన్టీఆర్❤,1.0
ఉల్లాసంగా సర్ర్,1.0
అందమైన వ్యక్తీకరణ తారక్ @,1.0
మేము చాలా ఆనందించాము సర్,1.0
ఇండియన్ ఫిల్మ్ ఇండస్ట్రీని షేక్ చేయండి రాజమౌళి సార్,1.0
ఇంటర్వ్యూ బాగుంది కానీ నాకు సందేహం రాజమౌళి గారు సినిమాలో వీళ్లు ఎద్దరు కాకుండా ఇంకా ఉత్తమ నటులు లేరా మీ అడ్వాంటేజింగ్ స్ట్రాటజీ సూపర్ బెస్ట్ ఆఫ్ లక్,1.0
ఇటీవలి కాలంలో అత్యుత్తమ,1.0
జై బోలో,1.0
అందరు ఆనందించడం చూసి సంతోషం,1.0
జై ఎన్టీఆర్,1.0
రామ్ చరణ్ ❤️,1.0
ఎన్టీఆర్ గారి హాస్యం సూపర్బ్,1.0
సూపర్ కామెడీ చాలా బాగుంది,1.0
సినిమా తమిళనాడు నుండి వేచి ఉంది ‍♂ అభిమానులు‍♂,1.0
రామ్ చరణ్ స్టైల్,1.0
జై,1.0
నాకు భాష తెలియదు కానీ నేను ప్రతిదీ అర్థం చేసుకున్నాను మరియు నా హృదయం నుండి నిజంగా ఆనందించాను,1.0
జై ఎన్టీఆర్,1.0
పర్ఫెక్షన్ కి స్పెషలిస్ట్ రాజమౌళి,1.0
పర్ఫెక్ట్ త్రయం ❤❤❤,1.0
ఎగ,1.0
ఎన్టీఆర్ అతడే పులి డైలాగ్ డెలోబెర్రీలో మిమ్మల్ని ఎవరూ ఓడించలేరు,1.0
జై,1.0
జై ఎన్టీఆర్,1.0
ఈ సినిమా విజయంతో బాలీవుడ్ ఉచ్చ పోసుకోవాలి,1.0
జై ఎన్టీఆర్ అన్న,1.0
ఎన్టీఆర్ మరియు ఎస్‌ఎస్‌ఆర్ బంధాన్ని చూడటానికి నిజంగా ఎలాంటి పాలిషింగ్ లేదు ఎవరూ దానిని అహానికి తీసుకెళ్లరు,1.0
ఉత్తమ డబ్బు గేమ్,1.0
చాలా చక్కని ఇంటర్వ్యూ,1.0
తెలుగు సినిమా ప్రేమికులకు చాలా గర్వకారణం లెజెండ్స్ మరియు మరియు చరణ్ అంకితభావానికి హ్యాట్సాఫ్,1.0
జూనియర్ ఎన్టీఆర్ వినోదం అంతిమమైనది,1.0
రామ్ చరణ్ అన్నకు ముందస్తు పుట్టినరోజు శుభాకాంక్షలు,1.0
నిజానికి రాజమౌళి గారి సినిమాకి పండుగ సీజన్ లేదు ఆయన సినిమానే పండగ జనవరి సంక్రాంతి లోనే రావాలి అనేది నా నిర్ణయం అయినా సరే నాకు వ తేదీ ఫస్ట్ షోకి టికెట్ దొరికింది,1.0
ఇది చాలా అద్భుతంగా ఉంది,1.0
రాజమౌళి ఎటువంటి రాజీ పడడు అతను పని చేసే ప్రతి నటుడి నుండి శుద్ధీకరణను సంగ్రహిస్తాడు,1.0
జై రాంచరణ్,1.0
నేను చాలా నవ్వాను,1.0
ప్రశాంత్ నీల్ నంబర్ దర్శకుడు రాజమౌళి భారతదేశంలోని ఇద్దరు మంచి దర్శకులు,1.0
రాజమౌళి సర్ శంకర్ సర్ రాజ్‌కుమార్ హిరానీ సర్ ఈ ముగ్గురు దర్శకులు మన భారతీయ చలనచిత్ర పరిశ్రమలకు మంచి కంటెంట్ సినిమా ద్వారా వినోదం కోసం ఆశీర్వదిస్తున్నారు,1.0
ఎన్టీఆర్ అన్న వావ్ వాట్ ఎ పిచ్చా కామెడీ,1.0
జై ఎన్టీఆర్ జై జై ఎన్టీఆర్ నేను కోసం ఎదురు చూస్తున్నాను,1.0
అద్భుతమైన 🤣🤣🤣🤣,1.0
వాగి వాగి ❤️డైలాగ్స్ సూపర్,1.0
ఏళ్లు పట్టిందిఏలాంటి సినిమా తీయటానికికంటెంట్ ఉంటే తక్కువ బడ్జెట్ లో సినిమా అయినా హిట్ అవుతుందికాశ్మీర్ ఫైల్స్ లాగా,1.0
మ్యాన్ ఆఫ్ ది మ్యాచ్ (అన్ని ఇంటర్వ్యూలు) ఎన్టీఆర్‌కి దక్కింది,1.0
ఇది అన్నింటికంటే ఉత్తమమైనది,1.0
మేము పడ్డ కష్టానికి ప్రతిఫలం దక్కింది❤️,1.0
సినిమా లో నటుల కి ఎలివేషన్స్ ఇస్తారు ప్రమోషన్స్ లో యాక్టర్స్ ఎస్సార్ కి ఎలివేషన్స్ ఇస్తారు,1.0
జై ఎన్టీఆర్ అన్న,1.0
ఉత్తమమైనది,1.0
వ సారి చూస్తున్నాను,1.0
ప్రపంచ వ్యాప్తంగా సంచలన దర్శకుడు రాజమౌళి గారు,1.0
ఎంజాయింగ్ చాలా మీ సంభాషణ,1.0
ఎంకెన్ని చేస్తారు రా బాబు,1.0
ఫస్ట్ చూసిన రోజు నేను పక్కానే వున్నా జై ఎన్టీఆర్,1.0
అద్భుతమైన వీడియోలు,1.0
ఉత్తమమైన మరియు హాస్యాస్పదమైన ప్రచార ఇంటర్వ్యూలో ఒకటి,1.0
రాజమౌళి భారతదేశపు లెజెండరీ కింగ్,1.0
రాజమౌళి గారి దర్శకత్వంలో రాంచరణ్ హీరోగా మగధీర సినిమా ఎప్పుడు,1.0
ఎప్పుడూ రామ్ చరణ్ ఫ్యాన్స్,1.0
అప్పుడే అయిపోయిందా అన్పించిందే సినిమా,1.0
జై రామ్ చరణ్ అన్న,1.0
మేము చాలా ఆనందించాము సార్🤣🤣,1.0
చాలా ఎంజాయ్ చేసాం సార్,1.0
చాలా ఇంట్రెస్టింగ్ ఎన్టీఆర్ సర్ రాక్,1.0
అల్లూరి సీత రామరాజు రామ్ చరణ్ అభిమానులు,1.0
రామ్ చరణ్,1.0
రామ్ చరణ్ అభిమానులు,1.0
ఆర్ఆర్ఆర్ సినిమా అఖండ విజయం సాధించాలని మస్పూర్తిగా కోరుకుంటున్నా ఎన్నడూ లేని విధంగా కలెక్షన్లు సృష్టించాలి ఆల్ది బెస్ట్ టీం,1.0
నందమూరి తారక రామా రావు రాక్స్,1.0
ఆంధ్ర ప్రదేశ్ లో కుడ ప్రమోషన్ చస్త బాగుంటుంది,1.0
ఇది అత్యుత్తమ ఇంటర్వ్యూ,1.0
కన్నడ ఇండస్ట్రీలో పునీత్ అన్న బహుముఖ ప్రజ్ఞాశాలి తెలుగులో ఎన్టీఆర్ అన్న బహుముఖ ప్రజ్ఞాశాలి నా కామెంట్ తో ఎంతమంది ఏకీభవిస్తారు,1.0
కన్నాంబ ఏంటి కన్నాంబ గారు అని ఆనంది సుమ గారు,1.0
ఎదురుచూస్తున్న సినిమా,1.0
ఇక్కడ గొప్పతనం ఏంటంటే వెంకీ సినిమా మీమ్స్ ఎక్కువయ్యాయి,1.0
జై ఎన్టీఆర్ జై రామ్ జై రాజమౌళి,1.0
సుమక్క వుంటీ ఎంటర్టైన్మెంట్ % ఉంటుంది,1.0
Ñ సూపర్,1.0
అద్భుతమైన రామ్ చరణ్,1.0
కోసం వేచి ఉండండి,1.0
ఎన్టీఆర్ ఉంటే హ షో చాలా రేంజ్ లో ఉంటుంది,1.0
చాలా పరిణితి చెందిన వ్యక్తి,1.0
జీ రామ్ చరణ్ అన్న,1.0
జై ఎన్టీఆర్ అన్న,1.0
చరణ్ అన్న అభిమాని,1.0
ఇది హాస్యాస్పదంగా ఉంది,1.0
అడ్వాన్స్ మీకు చరణ్ పుట్టినరోజు శుభాకాంక్షలు,1.0
జై ఎన్టీఆర్,1.0
ఎన్టీఆర్ భారతీయ సినిమాకు దేవుడిచ్చిన వరం,1.0
సభ్యులు కృషి ఇపుడు అందరికి తెల్సింది,1.0
జై ఎన్టీఆర్ జై ఎన్టీఆర్ జై ఎన్టీఆర్ జై ఎన్టీఆర్ జై ఎన్టీఆర్ జై ఎన్టీఆర్ జై ఎన్టీఆర్,1.0
ఇది నిజంగా తమాషాగా ఉంది,1.0
ఎన్టీఆర్ గారి కోసం చాలా చాలా చాలా చాలా చాలా వేచి ఉన్న ఎన్టీఆర్ గారి ఫ్యాన్;,1.0
మంచిది,1.0
ఎన్టీఆర్,1.0
తమాషా,1.0
జై నందమూరి,1.0
<>రాజమౌళి సినిమా విడుదల తేదీ ; కీర్వాణి మ్యూజిక్ మెమ్స్ సూపర్<> 🤣🤣🤣,1.0
హిల్లరస్ అసలు,1.0
జై ఎన్టీఆర్ అన్న,1.0
జై ఎన్టీఆర్ జై జై ఎన్టీఆర్,1.0
గురించి ఇది జెంటిల్‌మన్ రియాక్షన్ అంటే పది కోట్లు పరువు నష్టం కేసు వేస్తాం అని కాదు రియాక్ట్ అవ్వాల్సింది,1.0
సూటిగా తారక్ అన్న ఎనర్జీ లెవల్స్ అజేయంగా ఉన్నాయి,1.0
సూపర్బ్<>అన్నిటికంటే పిల్లలు మేమే చాలా చాలా బాగుంది<>చరణ్ ఎక్స్‌ప్రెషన్ చాలా 🥰 క్యూట్,1.0
అద్భుతమైన కామెడీ,1.0
అన్నాచరణ్,1.0
మేము చాలా ఆనందించాము సార్ 🤣,1.0
రాజమౌళి డైలాగ్‌కి రామ్‌చరణ్ స్పందన హైలైట్,1.0
నాకో చిన్న డౌట్ ఏపాటివారికి రాజమౌళి గారు ఆగడు ఎలా సినిమా ప్రమోషన్స్ చేయలేదువై అన్నీ మూవీస్ బ్లాక్ బోస్టర్స్ కానీ ఎపుడేంటి కొత్తగా ప్రమోషన్స్ చేస్తున్నారు,1.0
భారతీయ సినిమాని మరో స్థాయికి చేర్చిన టీమ్ టీమ్ అత్యుత్తమ ప్రదర్శన,1.0
చివరికి వీడియోలో ఆర్‌సి అన్న నుండి వచ్చిన వ్యక్తీకరణ చాలా ఫన్నీగా ఉంది,1.0
అద్భుతమైన మరియు అందమైన,1.0
అన్న యాక్టింగ్ తో తానా సత్తా ఏంటో ఈ సినిమాతో తెలుస్తుంది జై రామ్ చరణ్ అన్నయ్యా నీ నవ్వు చూస్తుంటే నాకి ఎందుకో ఇంత హ్యాపీగా ఉంది లవ్ యు ఆర్ సి అన్నయ్యా,1.0
చాలా ఎంజాయ్ చేసాం సార్,1.0
❤️,1.0
మేము చాలా ఎంజాయ్ చేస్తున్నాం సార్🤣🤣,1.0
లిటిల్ బాస్ మెగా పవర్ స్టార్ చరణ్ అన్న బాక్సాఫీస్ కింగ్,1.0
చరణ్ అన్న లుక్స్ కోసం లూప్ లో చూస్తున్నా ఈ వీడియో,1.0
లవ్ యూ లవ్ యూ,1.0
మిమ్మల్ని కలవడం అదృష్టం సార్ తెలుగు చిత్ర పరిశ్రమలో ❤️🥀✨,1.0
మేము చాలా ఎంజాయ్ చేసాము సార్🤣 జై ఎన్టీఆర్ ❤️,1.0
తారక్ పిచ్చా కామెడీ చేస్తారు,1.0
భారతీయ సినిమాకు దేవుడు ఇచ్చిన వరం మేము నిన్ను ప్రేమిస్తున్నాము సార్,1.0
పూర్తిగా అలరించారు,1.0
జై రామ్ చరణ్,1.0
అద్భుతమైన వినోదం నచ్చింది,1.0
చాలా ఫన్నీ,1.0
జై ఆర్‌సి,1.0
ఇది అద్భుతంగా ఉంది,1.0
మ్యాన్ ఆఫ్ మాస్ ఎన్టీఆర్ ❤️❤️❤️,1.0
జై ఎన్టీఆర్,1.0
జై చరణ్,1.0
రామ్ చరణ్ నెక్స్ట్ లెవల్ ఎక్స్‌ప్రెషన్స్,1.0
ఇప్పటి వరకు అత్యుత్తమ కామెడీ ఉంది ❤️,1.0
ఎన్టీఆర్ అన్న లవ్ యూ సోఊఊ మచ్చ,1.0
నవ్వుతున్న అల్లరి,1.0
ఇద్దరు హీరోలు బెస్ట్ బ్రదర్స్❤❤❤🤣🤣🤣సూపర్ ఉంది,1.0
వేరే స్థాయి అయ్యా మీరు వేరే స్థాయి అంటే,1.0
సూపర్ ఫన్ అబ్బా,1.0
అద్భుతమైన ❤️,1.0
ఎన్టీఆర్ డార్లింగ్ రాకింగ్ 🥰,1.0
తదుపరి స్థాయి<>🤣🤣,1.0
వేచి ఉంది ❤⭐⭐⭐⭐,1.0
చాలా ఎంజాయ్ చేసాం సార్,1.0
,1.0
మన ఇండస్ట్రీలో ఎన్టీఆర్ రామ్ చరణ్ ప్రభాస్ వీళ్ళతో ఇంకొక సినిమా తీయాలి రాజమౌళి సార్,1.0
❤️జై మెగా ఫ్యామిలీ ❤️ జై రామ్ చరణ్ ❤️,1.0
జై రామ్ చరణ్,1.0
జై ఎన్టీఆర్❤,1.0
జై ఎన్టీఆర్,1.0
చాలా సరదాగా ఉంది 🤪 మరియు చాలా వినోదభరితంగా అన్ని ఉత్తమ టీమ్,1.0
ఫుల్ ఫన్,1.0
ఎట్టకేలకు మా పోటి మేకర్ల కష్టాన్ని గుర్తించినందుకు ధన్యవాదాలు <><>ఒక మెమె మేకర్,1.0
రాజమౌళి గారు అంత జాగ్రత్తగా క్షుణ్ణంగా ఒక్కటి కూడా పది సార్లు చూసి తనకు నచ్చిన విధంగా డైరెక్షన్ చేస్తారు కాబట్టీ ఆ సినిమాలు అంత పెద్ద సక్సెస్ అవుతున్నాయితారక్ అన్న చరణ్అన్న ప్రభాస్ అన్న ఈరోజు ఇంత స్థాయిలో ఉండటానికి కారణం రాజమౌళి సర్ కావున మీ ముగ్గురు రాజమౌళి గారికి జీవితాంతం ఋణపడి ఉండాలి ఈ సినిమా పెద్ద సక్సెస్ కావాలని మీ కష్టానికి ఫలితం దక్కాలని దేవుణ్ణి కోరుకుంటున్నాను,1.0
జై ఎన్టీఆర్,1.0
ఇది చూస్తుంటే నా పెదవులు చిరునవ్వుతో అతుక్కుపోయాయి,1.0
అద్భుతమైన ప్రదర్శన మంచి మొత్తాలను ముఖ్యంగా వ మెమెసర్‌లు,1.0
ఆల్ ది బెస్ట్ అన్నా ❤️<>అధునాతన పుట్టినరోజు శుభాకాంక్షలు అన్నా ❤️,1.0
ఇంటర్వ్యూ లు చూసినపుడు ఇలానే ఫ్యాన్స్ కూడా చరణ్ ఎన్టీఆర్ లా కలిసి వుండాలే అనుకుంటా బయటికి డిస్కషన్ వస్తానే రెచ్చిపోతున్నా మళ్లీ ఇంటికి వస్తానే ఇంటర్వ్యూ లు చూసి ప్రశాంతంగా ఉన్నా అందుకే ఫ్యాన్స్ అందరూ,1.0
అన్నాఆ మీరు మాట్లాడుతుంటే నవ్వలేక చస్తున్నాం అన్నా,1.0
అద్భుతమైన ఎంటర్‌వ్యూ పూర్తి ఫన్నీ,1.0
అద్భుతమైన సరదా సృష్టించిన ఇంటర్వ్యూ,1.0
🦁జై ఎన్టీఆర్ జై 🦁,1.0
మంచి ఆనందం,1.0
వావ్,1.0
మేము చాలా ఆనందించాము సార్,1.0
నిజంగా రియలిస్టిక్ హిలేరియస్,1.0
నా అన్న మన్యం దొర అల్లూరి సీతారామ రాజు,1.0
ఎన్టీఆర్ అన్న చాలా హ్యాపీగా వున్నారు సినిమా బ్లాక్ బస్టర్ అయిది కాన్ఫిడెన్స్ థాన ఫేస్ లో కనిపించింది ఎన్టీఆర్ అన్న ఇంత హ్యాపీగా వుండడం ఏ సినిమా ఇంటర్వ్యూలలో చూడాలా జై ఎన్టీఆర్❤,1.0
ట్రాక్ బ్రో ఎప్పుడూ ని నిందించకండి ఆయన గొప్ప దర్శకుడు,1.0
బాగా ఎంజాయ్ చేశాం,1.0
జై రాంచరణ్ ❤️❤️❤️,1.0
జై ఎన్టీఆర్ 🦁❤️❤️❤️,1.0
ఆహా ఎంత నవ్వు కున్నానో,1.0
జై చరణ్ అన్న<>జై తారక్ అన్న ❣️❣️❣️,1.0
సార్ నాకు సినిమాలు అన్నీ ఒక అత్తు ఇత్యే <>మహేష్ కి ఎవ్వవల్సిన సినిమా ఒక అత్తు ఉండాలి,1.0
ఎన్టీఆర్,1.0
కార్తికేయ ఎన్టీఆర్ తో అదుర్స్ సినిమా ప్లాన్ చేయాలి<>,1.0
ఎన్టీఆర్ రాజమౌళి గారితో ఉన్న సన్నిహిత్యం ఓ ఏంటో ఇంటర్వ్యూలలో చాలా చాలా యాక్టివ్ గా హాస్యభరితంగా ఉంటున్నారు చాలా శక్తితో నిండి ఉంది డైనమైట్ అతను;,1.0
జై ఎన్టీఆర్ జై చార్న్,1.0
జై తారక్ అన్న ❤️,1.0
సూపర్ సూపరో,1.0
ఎన్టీఆర్ సార్ టైమింగ్ సూపర్ర్,1.0
జై రామ్చరణ్,1.0
మేము చాలా ఎంజాయ్ చేసాము,1.0
భారతీయ సినిమాకు గర్వకారణం <> రాజమౌళి సార్ మరియు అతను <>పర్ఫెక్షన్‌కి ఉదాహరణ,1.0
చాల ఆనందం,1.0
మిమ్మల్ని చుస్తుంటే ఆ కిక్ వేరబ్బా <>దేవుడు చల్లగా చూడనీ,1.0
ఎన్టీఆర్,1.0
జై ఎన్టీఆర్ ఎన్టీఆర్ ఎన్టీఆర్ ఎన్టీఆర్ ఎన్టీఆర్ ఎన్టీఆర్,1.0
చాలా చాలా ఫన్నీ 🤣,1.0
మేము చాలా ఎంజాయ్ చేసాము సార్,1.0
మరీ టూ మచ్ పబ్లిసిటీ ప్రపంచంలో ఇలాంటి సినిమా ఇంకా ఎవరు తీయరు అని ఓవర్ బిల్డప్ ఇవ్వడమేంటో,1.0
రామ్ చరణ్ చాలా కూల్,1.0
తర్వాత నాకు ధన్యవాదాలు,1.0
ఎన్టీఆర్❤,1.0
ఎమ్ ఎనర్జీ తారక్ అన్నా వా,1.0
ఎన్టీఆర్ నవ్వించేవాడు వినయంగా ఉంది వాళ్ళ స్నేహం కి దిష్టి తగలకూడదు,1.0
ఈ సినిమా ఆల్ ది బెస్ట్ రికార్డ్ చేస్తుంది జై ఎన్టీఆర్,1.0
జై ఎన్టీఆర్ జై సూపర్ ఇండియన్ మూవీ,1.0
చాలా ఆనందించాను 🤣🤣,1.0
ఎన్టీఆర్ అన్న వన్ మ్యాన్ షో,1.0
ఎన్టీఆర్ అన్న టైమింగ్ చాలా అద్భుతంగా ఉందని నేను చెప్తున్నాను,1.0
నేనొక్కడినే అనుకుంటున్నానా ఆమె త్రిషలా ఉంది,1.0
జై ఆర్‌సి,1.0
జై ఎన్టీఆర్ అన్న,1.0
జై ఎన్టీఆర్,1.0
జై అకండ,1.0
జై ఎన్టీఆర్,1.0
చరణ్,1.0
ఎన్టీఆర్,1.0
జై ఎన్టీఆర్ అన్న,1.0
ఫస్ట్ టైమ్ ఇంటర్వ్యూ ఇంకా ఉంటే సూపర్బ్ గా విందేది అని అనిపించింది,1.0
జై ఎన్టీఆర్,1.0
రామ్ చరణ్ సార్ సైలెంట్ కిల్లర్ సూపర్,1.0
జై,1.0
హిలోరియస్ అబ్బాయిలు🤣🤣,1.0
ఇండియా గర్వించ దగ్గ సినిమా అవుతుంది,1.0
ఎన్టీఆర్ కి రామ్ కి పోలిక రామ్ వేస్ట్ ఎన్టీఆర్ ఇండస్ట్రీ యాక్టర్,1.0
ఈ రోజు ప్రతి మేమర్ కాలర్ ఎగరేసుకునే రోజు🤙,1.0
జై ఎన్టీఆర్ నేను ఫ్యాన్ ఎన్టీఆర్ నా కాన్ స్టార్,1.0
సూపర్ కామెడీ,1.0
జైఇఇఇఇఇఇ ఎన్టీఆర్ జైఇఇఇఇఇఇ ఎన్టీఆర్ జైఇఇఇఇఇఇ,1.0
చరణ్ డీసెంట్ యాక్టర్అతను చాలా కూల్ గా ఉన్నాడుఓవరాక్షన్ చేయడం లేదు,1.0
ఎన్టీఆర్ ఎక్స్‌ప్రెషన్ నాకు ఆ కోక్ కొలనే కావాలి తారక్ కామెడీ సెన్స్ మాత్రమే,1.0
జై ఎన్టీఆర్ జై రామ్ చరణ్ జై ఆర్ఆర్ఆర్,1.0
సూపర్ అండీ,1.0
సినిమా టిక్కెట్ల రేట్లు పెంచి ఏంట్రా మీ ప్రమోషన్లు కొడుకులుఅందుకే పైరసీ లు చేస్తారు,1.0
జై ఎన్టీఆర్ ❤️ ❤️ ❤️ <>జై చరణ్ ❤️❤️❤️,1.0
జై ఎన్టీఆర్ అన్న,1.0
జై ఎన్టీఆర్ అన్న,1.0
ఒక గంట అయినా ఉండి ఉంటే బాగుణ్ణు బ్రో,1.0
అవసరం లేదులే జై ఎన్టీఆర్,1.0
అడ్వాన్స్ హ్యాపీ బర్త్ డే అన్నా,1.0
అగ్ని ♨ వంటి,1.0
పూర్తి వినోదం,1.0
తారక్ గారూ ఫుల్ ఎంటర్టైన్మెంట్,1.0
ప్రీ రిలీజ్ ఈవెంట్‌లో గుర్రపు స్వారీ మరియు బైక్ ఎక్కడ వుందీ,1.0
వెబ్‌సైట్ ఏంటి చెపారా నాకు చొక్కాలు కావాలి,1.0
చరణ్ అన్న,1.0
ధన్యవాదాలు అండీ మేము చాలా ఆనందించాము,1.0
ఛీ చీరకు దొబ్బుతుంది సుమ ని చూసి చూసి,1.0
ఎన్టీఆర్ ❤️ ☀️,1.0
బృందం నుండి ఉత్తమ సినిమా,1.0
పిచ్చా నవ్వుకున్నారా బాబు,1.0
ఇద్దరు హీరోలకు మరియు టీమ్ మొత్తానికి శుభాకాంక్షలు,1.0
జై ఎన్టీఆర్,1.0
అద్భుతమైన ఇంటర్వ్యూ,1.0
జై రామ్చరణ్ 🤝🤝❤️,1.0
ఎన్టీఆర్ మాట్లాడుతూనేను చెబుతున్నా,1.0
సెల్యులాయిడ్ పాండా ❤️,1.0
సూపర్ ❤️❤️❤️,1.0
జై ఎన్టీఆర్ అన్న,1.0
జై ఎన్టీఆర్,1.0
జై ఎన్టీఆర్ 🦁🦁🦁,1.0
సూపర్ అన్న ఎన్టీఆర్ సూపర్ చరణ్ సార్,1.0
జై చరణ్ అన్న,1.0
జై అల్లూరి సీతారామ రాజు,1.0
రామ్‌చరణ్ లవ్ యూ అన్నా,1.0
జై ఎన్టీఆర్,1.0
జై,1.0
ఎన్టీఆర్,1.0
రామ్ చరణ్ ♥️,1.0
హిలేరియస్ ఆల్ ది బెస్ట్,1.0
ఎంత ఫన్నీ 🤣🤣🤣❤️❤️❤️,1.0
జై ఆర్‌సి,1.0
జై రామ్ చరణ్,1.0
జై రామ్ చరణ్,1.0
మేము చాలా ఎంజాయ్ చేసాము సార్,1.0
పర్ఫెక్షన్ కి డెఫినిషన్ రాజమౌళి గారు,1.0
జై జై ఎన్టీఆర్ ✊,1.0
అన్నయ్య లవ్ యూ,1.0
ఎన్టీఆర్ అన్న ఇంత కామెడీ గా ఉంటావా నువ్వు వావ్,1.0
జై ఎన్టీఆర్ ✊,1.0
జై రాంచరణ్ తేజ్✊️✊️,1.0
❤️ చరణ్ బ్రదర్,1.0
జై ఎన్టీఆర్,1.0
ఎన్టీఆర్ ఎక్కడ ఉన్నా సందడే,1.0
ఉల్లాసంగా,1.0
చాలా ఎంజాయ్ చేస్తున్నాం సార్,1.0
నవ్వి నవ్వి పోతే ఎవడు బాధ్యత 🤣🤣🤣,1.0
జై రామ్ చరణ్ అన్న ❤️,1.0
జై ఎన్టీఆర్,1.0
నవ్వడానికి మెమర్స్ జై ;,1.0
నేను ఫుల్ ఎంజాయ్ చేసాను,1.0
అబ్బో మాములు గా లేదు బయ్యా,1.0
చాలా ఎంజాయ్ చేసాము సార్,1.0
సరదాగా లోడ్ చేయబడింది🤣,1.0
మేము చాలా ఆనందించాము సార్,1.0
జై 🦁,1.0
జై,1.0
దీన్ని చూడటం చాలా నచ్చింది❤️,1.0
వసంత,1.0
జై ఎన్టీఆర్ సూపర్,1.0
జై జగన్,1.0
చాలా స్థాయి ఫన్నీ🤣🤣🤣🤣,1.0
తదుపరి స్థాయి నటనపై జూనియర్ ఎన్టీఆర్,1.0
అద్భుతం 🥳🤩,1.0
మీరు నిజంగా చాలా ఉచితం 🤣🤣🤣🤣🤣,1.0
ఎన్టీఆర్ టైమింగ్ సెన్స్ ఆఫ్ హ్యూమర్,1.0
✊✊సుధీర్ అన్న,1.0
మేము కోసం ఎదురు చూస్తున్నాము,1.0
వన్ ఆఫ్ ది బెస్ట్ ఇంటర్వ్యూ ఒక ఇంటర్వ్యూ లో ఇంత నవ్వాలే,1.0
అందరూ వాగ్ ఎన్టీఆర్ కింగ్ 🤴,1.0
,1.0
నీ తొందర పుల్కాగ్యాప్ ఇవ్వురా,1.0
,1.0
కోట్లు,1.0
జిఐ ఆర్‌సి,1.0
అడ్వాన్స్ హ్యాపీ బర్త్ డే చరణ్ అన్నయ్య ❤❤❤ ❤❤,1.0
కీరవాణి మేమె ఊర మాస్ 🤙🤣🤣,1.0
మాత్రమే,1.0
తెలుగు సినిమా పరశ్రమ ను ప్రపంచ స్థాయి కీ తీసుకెళ్ళిన ఘనత మన ఎస్ రాజమౌళి గారిది యంగ్ డైనమిక్ డైరెక్టర్ ఎస్ ఎస్ రాజమౌళి ఇద్దరూ హీరోల అభిమానులను ఒకటి చేసారు హ్యాడ్ సోఫ్ టూ యూ రాజా గారు,1.0
ఇటీవలి కాలంలో ఇదే హైలైట్ కామెడీ ఇంటర్వ్యూ,1.0
నేను చాలా ఎంజాయ్ చేసాను సార్,1.0
సుమ గారి ఇంటర్వ్యూలు ఎల్లప్పుడూ ఉత్తమమైనవి కోసం వేచి ఉండలేము,1.0
లో ది బెస్ట్ లాఫింగ్ ఇంటర్వ్యూ,1.0
దయ చేసి కొత్త యాంకర్ నీ పెట్టవచ్చు కదా ప్లీజ్ ఎందుకంటే కొత్త వారికి ఛాన్స్ ఇచ్చిన వారు అవుతారు,1.0
❤️❤️❤️ ❤️❤️❤️ ❤️❤️❤️ ❤️❤️❤️ ❤️❤️❤️ ❤️❤️❤️ ❤️❤️,1.0
జై ఎన్టీఆర్ ❤️,1.0
తెలుగు సినిమా స్టామినా చూపించాలి ఎన్టీఆర్ ; అభిమానులు,1.0
ఎంత సరదా రైడ్,1.0
జై ఎన్టీఆర్,1.0
ఈ సినిమా తో నేను చాలా ఆనందించాను,1.0
హెలిరియస్ :),1.0
సూపర్ ఫన్,1.0
ఉత్తమం❤,1.0
ఎంతో సంతోషంగా ఉంది నాకు,1.0
గొప్ప బాలీవుడ్ చిత్రం<> రాబోతోంది చాలా ఉత్సాహంగా ఉంది,1.0
వినోదం స్థాయి,1.0
సుమ గారితో మేము ఇంటర్వ్యూ చూసినప్పుడల్లా మేము సంతృప్తి చెందుతాము దశాబ్దాల తరబడి మీరు చేసిన కృషి కారణంగా మీరు ఏ హీరోతోనైనా స్వేచ్ఛగా మాట్లాడవచ్చు వారిలోని వాస్తవికతను వెలికితీయవచ్చు ; తద్వారా మాకు సాధారణ బోరింగ్ ప్రశ్నల కంటే ఆర్గానిక్ కంటెంట్‌ను అందిస్తుంది,1.0
జై ఎన్టీఆర్ అన్న,1.0
జై ఎన్టీఆర్ ❤️❤️❤️❤️❤️,1.0
చరణ్ అన్న❤️❤️❤️❤️,1.0
సూపర్ ఫన్,1.0
రాజమౌళి సార్ ఖచ్చితంగా లాగానే హాలీవుడ్ స్టైల్ సినిమా తీస్తారు,1.0
అదుర్స్ మీమ్ వీడియో వదిలేసారే,1.0
కన్నుల పండుగ;,1.0
మేము చాలా ఎంజాయ్ చేసాము 🤣,1.0
జై ఎన్టీఆర్ ❣️,1.0
జై రామ్ చరణ్ జై ఎన్టీఆర్ జై కర్ణాటక రామచరణ్ ఫ్యాన్స్,1.0
నేను చాలా ఆనందించాను సార్ జై మెమర్స్✊,1.0
జై తారక్ <>జై చరణ్ <>జై,1.0
జై చరణ్అన్నయా,1.0
జీ ఎన్టీఆర్,1.0
ఎన్టీఆర్ అన్న ️️,1.0
జై ఎన్టీఆర్,1.0
డి బుక్ అయ్యోయ్జస్ట్ వెయిటింగ్ అంతే,1.0
మేము చాలా ఎంజాయ్ చేసాము సార్,1.0
జై జై మెగాస్టార్ స్టార్ 🦁🦁 జై పవర్ స్టార్ జై మెగా పవర్ స్టార్ రామ్ చరణ్ ❤ జై కర్ణాటక ఫ్యాన్స్,1.0
సభ్యులు,1.0
రామ్ చరణ్ ఇంట్రోవర్ట్స్ బ్రాండ్ అంబాసిడర్ లాంటి వాడు,1.0
జై ఎన్టీఆర్,1.0
అన్నాఆఆ 🤣🤣,1.0
యాంకర్ సుమ మలయాళం అయితే తెలుగులో చాలా అద్భుతంగా మాట్లాడింది నుండి: కర్ణాటక,1.0
మేము ఇంటర్వ్యూ కోసం ఉపశీర్షికను పొందవచ్చా,1.0
జూ గాడి అభిమానులు వేసుకోండి,1.0
అత్యుత్తమ ఆర్ఆర్ఆర్ ప్రమోషనల్ ఇంటర్వ్యూ,1.0
ప్రేమ సుమ ❤️❤️❤️,1.0
రిలీజ్ డేట్స్ కి మాకు నమ్మకం లేదు దొర మీమ్ మిస్ అయింది,1.0
జై మేమర్స్ ✊,1.0
ఎన్టీఆర్ లో మస్తు ఛాయలు ఉన్నాయి అబ్బా,1.0
చాలా ఆనందించారు,1.0
అయ్యా ఎన్టీఆర్ గారు మీరు ;పెంట;అనే మాటను ఇంకా ఎక్కడ వాడవద్దుచాల చందంగా ఉందిమొత్తం ఈ ప్రోగ్రాం అంతా ఒక్క ఆ మాట దిష్టిలాగా ఉందిలెజెండ్ డైరెక్టర్ ముందు ఆ మాట చాల ఇష్టంగా ఉంది మీకు ఎంత చనువు ఉన్నా శబమర్యాద ముక్యంఈ విషయం లో బాగుంది,1.0
ఎన్టీఆర్,1.0
అద్భుతమైన ఎంటర్‌టైన్‌మెంట్ మీమ్స్ గొప్ప రాజమౌళిని ఎవరూ రీప్లేస్ చేయలేరుమరియు సుమ టైమింగ్,1.0
తమాషా,1.0
అన్ని చిత్ర పరిశ్రమలకు జక్కన్న ఒక్కడే దర్శకుడు ❤️,1.0
రాజమౌళి భారతీయ సినిమాకు గర్వకారణం,1.0
ఉల్లాసమైన వినోదం 🤣 మునుపెన్నడూ లేనిది అనంతపురం నుండి ప్రేమ,1.0
రామ్ చరణ్ ⚡,1.0
మాకు మరో ఎపిసోడ్ కావాలి <>పార్ట్,1.0
తారక్ అన్న వన్ మ్యాన్ షో,1.0
సుమ మరియు తారక్ అన్న టైమింగ్ సూపర్ ❤️❤️,1.0
అసలు సూపర్ సెట్ అయిన మీమ్స్❣️🤣🤣🤣,1.0
సుమక్క ముకు ఓవర్ యాక్షన్ చేస్తున్నామేమో అనిపించడం లేదు అక్కడ ముగ్గురూ లెజెండ్స్ ఉన్నారు కాబట్టి ఓవర్ యాక్టింగ్ తగ్గించు,1.0
నేను తమిళ అభిమానిని నాకు తెలుగు రాదు కానీ నాకు ఈ వీడియో కి చాలా ఇష్టం,1.0
చాలా ఎంజాయ్ చేసాం సార్ 🤣,1.0
ఇంత యాక్టివా గా ఎలా ఉన్నా బాబు తారక్ గారు,1.0
చాలా ఎంజాయ్ చేశాం అండి,1.0
చెన్నై ప్రపంచ ఉత్తమ దర్శకుడు రాజమౌళి నేను మీ అభిమానిని,1.0
జై ఎన్టీఆర్,1.0
అలియా బట్ట కన్న మాంచి హీరోయిన్లు టాలీవుడ్ లు ఉన్నారు ప్రధానంగా తను బలే సినిమా లో,1.0
ఎన్ని ఇంటర్వ్యూ లు వచ్చిన సుమ గారు ఇంటర్వ్యూ వేరే లెవెల్,1.0
పక్కనోళ్లను అడిగింది కూడా నువ్వే సమాధానం ఇస్తున్నావ్ ఏం సంస్కారం రా నీది ఎన్టీఆర్ యెదవాఇంటర్వ్యూ మొత్తమ్లా వల్లిదరు ఏమన్న మాట్లాడిండ్లా,1.0
తప్పక చూడాలి,1.0
సూపర్ ఫన్,1.0
రాజమౌళి గారు మ సుధీర్ అన్నయ తుః వక సినిమా చేయండి ప్లీజ్ సార్,1.0
ఎన్టీఆర్ గాడు పెద్ద బఫూన్ అని ఇప్పుడు అర్ధమైందిగ్యాప్ ఇచ్చి మాట్లాడులేకుంటే సినిమాలు మానేయ్సావ దొబ్బకు,1.0
నేను చాలా ఆనందించాను సార్ ఇంకా నువ్వు వెళ్లి రెస్ట్ తీసుకుంటాను సార్,1.0
జై రామ్ చరణ్,1.0
రామ్‌చరణ్ మీమ్ మిస్ చేసాడు అలియాతో ఆర్‌సి సిగ్గుపడుతున్నట్లు చిరంజీవి వాయిస్,
జై ఎన్టీఆర్,
జై ఆర్ఆర్ఆర్ ❤️❤️❤️ జై ఎన్టీఆర్ ❤️❤️,
రామ్ చరణ్ ❤️,
మాకు కావాల్సిన ఇంటర్వ్యూ ఇది,
ఉల్లాసంగా,
రామ్‌చరణ్ చాలా కూల్<>చాలా బాగుంది,
అన్ని ప్రమోషన్ వీడియోలలో చాలా ఉల్లాసంగా ఉంది🤣,
జై చరణ్,
,
మెగాఫ్యాన్స్ నుండి ఆల్ ది బెస్ట్ ఎన్టీఆర్ ఫ్యాన్స్,
జై ఎన్టీఆర్,
జై చరణ్,
జై చరణ్ జై జై చరణ్ ❤️❤️☺️☺️,
చాలా ఎంజాయ్ చేశాం సార్,
జై మెగా పవర్ స్టార్,
❤️❤️❤️,1.0
తారక్ అన్న చరణ్ అన్నని ఒక్కసారి మాట్లాడనివ్వండి,1.0
రామ్ చరణ్ ❤️,1.0
జై ❤️,1.0
జై కన్నడ జై కె జి ఎఫ్ 🟨 జై కర్ణాటక పాన్ ఇండియా అల్ పాన్ యూనివర్స్,1.0
అర్జంట్ గా పోయి టికెట్స్ బుక్ చేస్కోండి,1.0
జై చరణ్,
చరణ్ అన్న సైలెంట్ గా ఎంజాయ్ చేస్తున్నాడు,0.0
,0.0
బాంబే లో ప్రీ రిలీజ్ ఈవెంట్ రీ షూట్ చేసారా,0.0
ఇందులో బెన్ అఫ్లెక్ మరియు సాండ్రా బుల్లక్ మధ్య కెమిస్ట్రీ లేదుసినిమా మరియు అతను తనని ఎందుకు విడిచిపెట్టాలని ఆలోచిస్తున్నాడో నాకు అర్థం కాలేదుఈ కోడిపిల్లకి కాబోయే భార్య అతను పడగొట్టబడ్డాడు,0.0
సినిమాలో చాలా సందర్భాలు ఉండాల్సిన అవసరం లేదుమరియు విపరీతంగా నెమ్మదిగా కదులుతున్నాయి,0.0
ఇది మై బెస్ట్ ఫ్రెండ్స్ వెడ్డింగ్ యొక్క పేలవమైన రీమేక్,0.0
మొత్తం మీద గొప్ప నిరాశ,0.0
ఈ “సినిమా” చేయడానికి నటీనటులు అంగీకరించారని నేను నమ్మలేకపోతున్నాను,0.0
ఐక్యూ పోతుందనే భయంతో నేను చాలా సేపు దాన్ని చూడటానికి కూడా నిలబడలేకపోయాను,0.0
ఈ డ్రిబుల్‌ని ప్రసారం చేసిన నెట్‌వర్క్‌లో ఎవరూ దీన్ని చూడలేదని నేను ఊహిస్తున్నానుపెట్టే ముందు,0.0
రేటింగ్‌లు భయంకరమైన వాటికి తక్కువగా ఉన్నాయి ఇది కొంత ప్రతికూలతను పొందే సమయంఇలాంటి కేసుల కోసం అక్కడ సంఖ్యలు ఉన్నాయి,0.0
నేను నిన్న రాత్రి మిర్రర్‌మాస్క్ చూశాను మరియు అది అసంతృప్తికరమైన అనుభవం,0.0
జై రామ్ చరణ్,0.0
ప్రపంచంలోనే పర్ఫెక్ట్ మూవీ మేకర్,0.0
జై ఎన్టీఆర్,0.0
వెంకీ సినిమా వీడియోలు వేస్తే బాగుండు అనుకున్న లాస్ట్ కి అవే వేసారు,0.0
మేము చాలా ఎంజాయ్ చేసాము సార్ ఇంకా మేము వెళ్లి సినిమా వేడుకలు రెడీ చేసుకుంటాం,0.0
ఎన్టీఆర్ కోసమే,0.0
జై ఎన్టీఆర్ అన్నయ్య ❤️❤️❤️,0.0
మరియు భారతీయ రూలింగ్ సినిమాలు ఆల్ టైమ్,0.0
ఎమ్మా మెమర్స్ హ్యాపీ ఆ 🤣,0.0
జై ఎన్టీఆర్,0.0
ఎన్టీఆర్ అన్న ఎనర్జీ,0.0
జై ఎన్టీఆర్ ❣️❣️,0.0
రియల్ ఎంటర్‌టైనర్‌లు మెమర్‌లు ❤️<>భగవంతుడు వినోదాన్ని పంచేందుకు మరింత శక్తిని ప్రసాదించుగాక ❤️,0.0
జై ఎన్టీఆర్,0.0
నాకు షర్టులు కావాలి,0.0
టీమ్‌కి ఆల్ ది బెస్ట్,0.0
🦁,0.0
రామ్‌చరణ్ మీమ్ మిస్ చేసాడు అలియాతో ఆర్‌సి సిగ్గుపడుతున్నట్లు చిరంజీవి వాయిస్,0.0
జై ఎన్టీఆర్,0.0
జై ఆర్ఆర్ఆర్ ❤️❤️❤️ జై ఎన్టీఆర్ ❤️❤️,0.0
జై ఎన్టీఆర్,
జై ఎన్టీఆర్ ❣️❣️,0.0
జై ఎన్టీఆర్,0.0
రామ్‌చరణ్‌కి అడ్వాన్స్,0.0
జై రామ్ చరణ్,0.0
జై ఎన్టీఆర్ అన్న,0.0
జై రాంచరణ్,0.0
అన్ని ఇంటర్వ్యూలు కన్న సుమ గారివి బాగుంటాయి తెలుగు సినిమా స్థాయిని ఎల్లలు దాటిన రాజమౌళి గారికి ధన్యాదములు జై రాజమౌళి ✊<>,0.0
ఆల్ టైమ్ అభిమానులు ఇక్కడ ఇష్టపడుతున్నారు,0.0
మంచి విజయం సాధించాలని మనస్పూర్తిగా కోరుకుంటున్న,0.0
జై,0.0
జై ఎన్టీఆర్ సినిమా కోసం వెయిటింగ్,0.0
జై ఎన్టీఆర్,0.0
జై ఎన్టీఆర్,0.0
జై ఎన్టీఆర్ ✊,0.0
ఇంత మంచి కథ పాత్రతో సినిమా చేసినందుకు ఆర్‌ఆర్‌ఆర్‌ టీమ్‌కి హృదయపూర్వక ధన్యవాదాలు ❤️❤️,0.0
జై ఎన్టీఆర్ అన్న తగ్గేదెలే,0.0
రామ్ చరణ్ ❤️,0.0
బ్లాస్ట్ కోసం ఎవరు ఆత్రంగా ఎదురు చూస్తున్నారు,0.0
జై రామ్ చరణ్ 🥰🥰,0.0
రామ్‌చరణ్,0.0
తారక్ అన్నా లవ్ యూ అన్నా ❤️,0.0
జై ఎన్టీఆర్,0.0
జై ఆర్‌సి,0.0
జూనియర్ ఎన్టీఆర్ మరియు రామ్ చరణ్ ❤️,0.0
జై చరణ్,0.0
జై ఎన్టీఆర్ అన్నయ ❤️,0.0
ఇంటర్వ్యూ మాత్రమే 🤣🤣🤣,0.0
జై ఎన్టీఆర్,0.0
జై రామ్ చరణ్,0.0
జై ఎన్టీఆర్ జై పరస్పర అభిమానులు ఇక్కడ,0.0
జై ఆర్ఆర్ఆర్ కానీ అసలు తెలుగు సినిమా అయ్యుండి డైరెక్ట్ తెలుగు లో ప్రీ రిలీజ్ ఈవెంట్ లేకపోవడమేంటబ్బా,0.0
ఎన్టీఆర్,0.0
కోసం ఉత్తమ ఇంటర్వ్యూలలో ఒకటిమీమ్స్ పేజీల కోసం పూర్తి భోజనం,0.0
దయచేసి ఇద్దరు హీరోలు లేకుండా అభిమానులు కలిసి ఎలాంటి గొడవలు తెలుగు సినిమా ఏంటో ప్రపంచానికి చూపిద్దాం జై తారక్ జై చరణ్ ❤️,0.0
బ్లాక్ బస్టర్ ⚡🥳 పాన్ ఇండియా,0.0
సూపర్,0.0
కుంబస్ట్లన్నీ బద్దలుకొట్టడానికి వచ్చేస్తాడు అల్లూరి సీతారామరాజు,0.0
జై చరణ్ ❤️,0.0
అల్లూరి సీతారామరాజు సంరక్షకుని చరిత్రలో నిలిచిపోతుంది,0.0
జై ఎన్టీఆర్,0.0
జై ఎన్టీఆర్ ❣️❣️,0.0
జై ఎన్టీఆర్,0.0
రామ్‌చరణ్‌కి అడ్వాన్స్,0.0
జై రామ్ చరణ్,0.0
జై ఎన్టీఆర్ అన్న,0.0
జై రాంచరణ్,0.0
అన్ని ఇంటర్వ్యూలు కన్న సుమ గారివి బాగుంటాయి తెలుగు సినిమా స్థాయిని ఎల్లలు దాటిన రాజమౌళి గారికి ధన్యాదములు జై రాజమౌళి ✊<>,0.0
ఆల్ టైమ్ అభిమానులు ఇక్కడ ఇష్టపడుతున్నారు,0.0
మంచి విజయం సాధించాలని మనస్పూర్తిగా కోరుకుంటున్న,0.0
సంగీతం డ్యాన్స్ అన్నింటికి నేను పూర్తిగా ఆకర్షితుడయ్యాను అయితే నేను ఇటీవల లో మొత్తం విషయాన్ని మళ్లీ చూశాను మరియు నేనుస్టోరీలైన్ ఎంత తెలివితక్కువదో ఎలా ఉందో పూర్తిగా ఆశ్చర్యపరిచిందిరంధ్రాలు అసమానతలు మరియు స్పష్టముగా చాలా చెత్త మరియు డ్యాన్స్ ఎంత భయంకరంగా ఉంది,0.0
నా ఉద్దేశ్యం వాస్తవిక ప్రపంచంలో ఆమె ఎప్పుడూ ఆ బ్యాలెట్ రెపర్టరీలోకి ప్రవేశించలేదు మొత్తం విషయం చాలా దయనీయంగా ఉంది,0.0
క్యారెక్టర్ డెవలప్‌మెంట్స్ కూడా డెప్త్ లోపించాయి అయ్యో భయంకరంగా మాట్లాడండి,0.0
మీ సమయం వృధా చేసుకోవద్దు,0.0
ఇది చాలా భయంకరమైనది,0.0
చెత్త సప్పీయెస్ట్ డైలాగ్ నేను ఇంకా కొనసాగించగలను కానీ నిజంగా చూడలేనిది దిశ పేద నటులు,0.0
వాళ్లకు మాత్రమే టాలెంట్ ఉందో లేదో కూడా చెప్పలేరుమాట్లాడటానికి దయనీయమైన లైన్లు కానీ దర్శకుడు వాటికి ఎటువంటి చర్య ఇవ్వలేదు,0.0
మీరు ఈ సైట్‌లో దర్శకుడి ఫిల్మోగ్రఫీని తనిఖీ చేస్తే ఎందుకు అని మీరు చూస్తారుఈ సినిమాకి అవకాశం రాలేదు,0.0
ఇది టీవీ చిత్రం కోసం రూపొందించినది కూడా మంచిది కాదు,0.0
పాపం సినిమా పరాజయం పాలైంది,0.0
సినిమాలో విజువల్ ఇంట్రెస్ట్ డ్రామా భావ వ్యక్తీకరణ మరియుకథనాన్ని నొక్కి చెప్పే దేశభక్తి వేడుక ఈ సినిమాలో జూన్ అల్లిసన్‌ని ఉపయోగించినంత దారుణంగా ఏ నటి ఉపయోగించలేదు,0.0
దురదృష్టవశాత్తూ ఇది కేవలం చెడ్డ సినిమా,0.0
చెడ్డ స్క్రిప్ట్ చెడు దర్శకత్వం మరియు భయంకరమైన నటన ఈ ఒక సాదా చెడు,0.0
డైలాగ్ అదిరిపోయింది,0.0
సినిమాటోగ్రఫీఅని పిలవగలిగితేసక్డ్,0.0
సౌండ్‌ట్రాక్ పీల్చింది,0.0
నటన అదిరిపోయింది,0.0
కచేరీ సీక్వెన్స్‌లు ఇప్పుడే ఊపందుకున్నాయి,0.0
మొత్తంమీద ఈ చిత్రం చౌకగా చెత్తగా ఉంది,0.0
కానీ ఈ సినిమా హాస్యాస్పదంగా భావించి ఫన్నీ కాదు,0.0
నేను కోపంగా దాని నుండి బయటకి వచ్చాను,0.0
అతను ఈ చిత్రంతో ఏమి చేయడానికి ప్రయత్నిస్తున్నాడో నాకు ఖచ్చితంగా తెలియదు,0.0
నా మంచి రోజు అనుభూతిని కలతపెట్టే జ్ఞాపకాల రాత్రిగా మార్చాలంటేనేను ఊహించిన దాని కంటే అతను విజయం సాధించాడు,0.0
ఈ సినిమాలోని ప్రతిదానిలాగే ఇది కూడా బలవంతం చేయబడింది,0.0
మళ్ళీ కుంటివాడు,0.0
ఇక్కడే సినిమా నన్ను బాగా ఆకట్టుకుంది,0.0
మరియు నేను జెర్కీ కెమెరావర్క్‌ని కూడా ప్రారంభించవద్దు,0.0
థియేటర్‌లో చూసినప్పుడు నాకు జబ్బు పోతుందని అనుకున్నాను,0.0
సారాంశం: చమత్కారాలు చమత్కారమైనవి కావు,0.0
ప్లాట్ సరే నేను దానిని వదిలేస్తానని చెప్పాను,0.0
నటన పేలవంగా ఉంది,0.0
చాలా చెడ్డది,0.0
బిల్లీ బాబ్ కూడా స్క్రిప్ట్ కంటే పైకి ఎదగలేకపోయాడు అది అధ్వాన్నంగా ఉంది,0.0
కెమెరా వర్క్ మళ్ళీ చెడ్డది,0.0
రేటింగ్:,0.0
ఈ సినిమా చూస్తుంటే అక్షరాలా వాంతి చేసుకున్నాను,0.0
నేను జీవనోపాధి కోసం సినిమాలను అనువదిస్తున్నాను మరియు ఇది నా సంవత్సరాల పని అనుభవంలో నా తెలివితేటలకు అభ్యంతరకరంగా అనిపించిన మొదటి చిత్రం,0.0
కానీ ఎవరైనా గొప్పతనం మరియు కవిత్వం కోసం ప్రయత్నించినప్పుడు కానీ గజిబిజిగా బట్వాడా చేస్తారు(మరియు తరచుగా హాస్యాస్పదమైన) కథ భిన్నమైన సన్నివేశాల సమూహం డాంబికమైనదిడైలాగ్ అప్పుడు మీరు ఇతర సినిమాల కంటే చెత్త రకమైన సినిమాని పొందుతారుసమీక్షకుడు చాలా ఖచ్చితంగా ప్రేమాత్మక చెత్తగా నిర్వచించబడ్డాడు,0.0
ఈ చిత్రం తెలివైన లేదా నైపుణ్యం కలిగిన వారికి నేను మాత్రమే చేయగలనుచెప్పండి ఇది మీ తెలివితేటలు మరియు మీరు స్పష్టంగా ఉపయోగించిన మీ ఊహప్రయత్నించండి మరియు ఈ దయనీయమైన ప్రయత్నాన్ని కొంత అర్థం చేసుకోండి (ఇది మన మానవ స్వభావంలో ఉందిప్రయత్నించడానికి మరియు విషయాలను అర్థం చేసుకోవడానికి),0.0
ఇంకొక విషయం: నేను రాజకీయ తప్పిదాన్ని బాగా తట్టుకోగలను నేను అన్నీ ఉన్నానుకళాత్మక స్వేచ్ఛ మరియు అవిశ్వాసం యొక్క సస్పెన్షన్ కోసం కానీ స్లావిక్ స్త్రీపాత్ర చాలా ఎక్కువగా ఉంది,0.0
ఇది దాని క్రింద ఉన్న మనిషి కంటే ఎక్కువ లోతు మరియు పాత్రను కలిగి ఉంటుంది,0.0
మాల్టా సెట్టింగ్‌లు డైలాగ్‌ల వలె పొడిగా మరియు నిర్జనంగా ఉన్నాయి,0.0
ఈ సినిమా భయంకరంగా ఉంది,0.0
హాకీ సన్నివేశాలు భయంకరంగా ఉన్నాయి డిఫెన్స్‌మెన్ సంవత్సరాల వయస్సులో ఆడుతున్నారుపాత గోలీలు నెట్‌కి అడుగుల వెడల్పు ఉన్న షాట్‌ల వద్ద డైవింగ్ చేయడం మొదలైనవి,0.0
చూడని వారి కోసం మీ సమయాన్ని వృధా చేసుకోకండి,0.0
ఈ సినిమాను డ్రామా అనడం హాస్యాస్పదం,0.0
ఇది చూడటం మొదలుపెట్టాను కానీ ఏ పాత్రను నమ్మలేదు,0.0
ముఖ్యంగా బేకరీ అసిస్టెంట్ మరియు ది మధ్య సంబంధంసేవకురాలు నాకు అస్సలు పని చేయలేదు,0.0
ఇది చాలా మిడిమిడి సినిమా మరియు నేను అనే ఫీలింగ్ ఇచ్చిందిసినిమా కాకుండా నాటకం చూస్తున్నారు,0.0
పాత్రలు చాలా రంగస్థలంగా ఉన్నాయి మరియు కథాంశం చాలా లాగా ఉందిరంగస్థల ప్రహసనం,0.0
పైరోమానియాక్ అసిస్టెంట్‌ని దారికి తెచ్చే సమయానికి నేను విసుగు చెందాను మరియు అలా చేయలేదుతర్వాత ఏమి జరిగిందో పట్టించుకోండి మరియు నేను స్విచ్ ఆఫ్ చేసాను,0.0
నేను దానిని చూడటానికి డబ్బు చెల్లించనందుకు సంతోషిస్తున్నాను,0.0
ఒక్కసారి కూడా నవ్వలేదు నవ్వలేదు,0.0
కానీ అది ఒక పెద్ద ఆవులింత మాత్రమే కాదు,0.0
కానీ స్టార్మ్ ట్రూపర్ అద్భుతంగా భయంకరమైన సినిమాల జాబితాలో చేరేంత చెడ్డది కాదు,0.0
ఇది కేవలం కుంటి ఉంది,0.0
అతను తన కుండీలలో పెట్టిన మొక్కలతో మంచి డైలాగ్ చెప్పాడని చెప్పిన వ్యక్తి దానిని కలిగి ఉన్నాడుకుడి,0.0
ఈ సినిమా గురించి అంతా మూర్ఖత్వం,0.0
మీరు చెడ్డ చిత్రాలను ఇష్టపడినప్పటికీ ఈ సినిమా చూడకండి ఇది సిగ్గుచేటు,0.0
కొత్త పాత్రలు అంతగా గుర్తుండిపోయేవి కావు మరియు నన్ను నేను కనుగొన్నానుఎవరు ఎవరో మర్చిపోవడం,0.0
ఆమె ఐర్లాండ్‌కు వెళుతున్నప్పటికీ ఏమీ చేయలేదని నేను భావించాను,0.0
ఇది నన్ను భయపెట్టలేదు భయపెట్టలేదు లేదా నాకు సానుభూతి కలిగించలేదుఅక్షరాలు; అది కేవలం బాధించేది,0.0
జెర్కీ కెమెరా కదలికలు కూడా బాధించేవి,0.0
ప్లాట్లు చాలా చక్కని ప్రతి ఇతర చౌకైన భయానకానికి సమానంగా ఉన్నాయి,0.0
పాత్రలకు కొంత డెప్త్ ఇవ్వడానికి కొన్ని దయనీయమైన ప్రయత్నాలు జరిగాయి కానీఇది నిజంగా మిగిలిన ప్లాట్‌లో పని చేయలేదు,0.0
ఇది తెలివైన ట్విస్ట్‌గా ఉంటుందని నేను ఊహిస్తున్నాను ఆపై కొంచెం వెలుగునిస్తుందిపరిస్థితి కానీ అది కేవలం తెలివితక్కువదని,0.0
మీరు దానిని చూసినట్లయితే మీరు దానిని షెల్ఫ్‌లో ఉంచాలి,0.0
ఈ పూర్తిగా సినిమా చాలా అగ్రస్థానంలో ఉంది మరియు దయనీయంగా ఉందిఅవాస్తవంగా మొత్తం నిమిషాల పాటు నేను హింసించానుబహుశా నా గడియారాన్ని దాదాపు సార్లు చూసాను,0.0
లూసీ బెల్ ఈ చెత్త కంటే చాలా ఎక్కువగా ఉంది మరియు ఆమె ఈ దిగువకు దిగజారిందిచాలా నిరుత్సాహంగా ఉంది,0.0
ఈ సినిమా చేసేదంతా ఈ బద్దకస్తులందరినీ చూసి జబ్బు పడేలా చేస్తుంది నిమిషాల పాటు వారి తెలివితక్కువ చర్యలకు సాకులు,0.0
దేవుడా నేను ఆ నిమిషాలను ఎప్పటికీ తిరిగి పొందలేను,0.0
కవర్ గర్ల్‌లోని దాదాపు అన్ని పాటలు పాత కాలం నాటివే మరియు అంతగా లేవుశ్రావ్యమైన,0.0
కవర్ గర్ల్లో అత్యంత బాధించే విషయం ఏమిటంటే రీటాహేవర్త్ ఒక పీఠంపై ఉంచబడింది,0.0
దురదృష్టవశాత్తు కవర్ గర్ల్ హాలీవుడ్ ఎలా ఉపయోగించబడిందో చెప్పడానికి ఒక ఉదాహరణఆర్థిక ప్రయోజనాల కోసం మహిళలను దోపిడీ చేస్తారు,0.0
నేను వాటిని సీరియస్‌గా తీసుకోలేకపోయాను,0.0
నేను ఆయన అభిమానిని ఈ సినిమా చాలా ఘోరంగా ఆడింది,0.0
టిక్కర్ కంటే దారుణం,0.0
ఆ సినిమా చెడ్డది,0.0
లేదా భవనాలు మాత్రమే ఉపయోగించబడ్డాయి కొన్ని స్థానాలు బహుశా పేలవంగా ఉండవచ్చుహమ్,0.0
ఇది కేవలం ఎగిరింది,0.0
ఇప్పుడు మేము ఈ అసహ్యకరమైన కఠోరమైన ముక్కతో హింసించబడటానికి ఎంపిక చేయబడ్డాముఅమెరికన్ ప్రచారం,0.0
ఈ ప్రదర్శన అమెరికన్ల కోసం రూపొందించబడింది ఇది చాలా తెలివితక్కువది మరియు ద్వేషంతో నిండి ఉందిమరియు క్లిచ్‌లను మరెక్కడా అంగీకరించాలి,0.0
పాల్గొన్న దాదాపు ప్రతి ఒక్కరూ పాఠశాలకు తిరిగి రావాలి నటన పూర్తిగా ఉంటుందిఊహించదగినది మరియు చెడ్డది స్క్రిప్ట్ అనేది చెత్త కుప్ప,0.0
నేను ప్రతికూల విలువలను నమోదు చేయాలనుకుంటున్నాను నిర్వాహకులు,0.0
సెట్‌లు చాలా చెడ్డవి అవి థండర్‌బర్డ్స్‌లో కనిపించవుఎపిసోడ్,0.0
స్లోమోషన్‌ని ఉపయోగించడం అనవసరంగా సినిమా అంతటా పునరావృతమవుతుందిచెడు నటనతో బాగా బ్యాకప్ చేయబడింది (మరియు ఇక్కడ చెడ్డది మంచి పదం) లేదుకొనసాగింపు ఎటువంటి కారణం లేకుండా విసిరిన దృశ్యాలు వాహనాలుఅవి కార్న్ ఫ్లేక్స్ బాక్స్ మరియు డైరక్టర్‌తో తయారు చేసినట్లుగా అనిపించిందిమూర్ఖత్వానికి సరిహద్దుగా ఉన్న శైలి,0.0
ఓహ్ మరియు కథాంశం కూడా దయనీయంగా ఉంది,0.0
నేను సినిమాల గురించి చెడు రివ్యూలు రాయడం ద్వేషిస్తాను ముఖ్యంగా అందులో నేనునిజంగా నక్షత్రం ఇష్టం కానీ ఈ చిత్రం చాలా చెడ్డది అని నేను నమ్మనురెండవది ఎవరైనా దాని గురించి గర్వపడవచ్చు,0.0
నేను ఫిల్మ్ మేకర్‌ని కాదు డైరెక్టర్‌ని కాను కానీ నేను తల దాచుకుంటానునేను ఈ సినిమా కోసం ఎంత డబ్బు మరియు సమయాన్ని వెచ్చించినట్లయితే ఇసుక,0.0
సంక్షిప్తంగా ఇది సమయం మరియు శక్తి యొక్క స్మారక వ్యర్థం మరియు నేను చేయనుఈ చిత్రాన్ని ఎప్పుడైనా చూడాలని ఎవరినైనా సిఫార్సు చేస్తున్నాను,0.0
నేను కొనుగోలు చేసిన ప్లేయర్‌తో ఇది ఉచితంగా వచ్చింది కానీ నేను ఇప్పటికీ దాన్ని ఆపివేసానుహావెల్ కోసం నేను ఇబ్బంది పడ్డాను కాబట్టి సగం వరకు,0.0
మరియు కి సెట్టింగ్ లేనందున మాత్రమే,0.0
కానీ నటన డ్రాగో మరియు డెబ్బీ వంటి నిపుణులు కూడారోచోన్ భయంకరమైనది దర్శకత్వం అధ్వాన్నంగా ఉంది (బహుశా దీనికి దోహదపడిందిమాజీ) డైలాగ్ చింప్ లాంటిది మరియు కెమెరా పని భరించలేనిది,0.0
అవును క్లుప్తత కోసం నేను ఇక్కడ విషయాలను సరళీకృతం చేస్తున్నాను ఎందుకంటే ఇది నిజంగా ఈ చిత్రానికి సంబంధించిన సమస్యలలో ప్రధానమైనది ఇది నిజమైన పూర్తి వివరణ లేకుండా చాలా ఎక్కువ జరుగుతోంది,0.0
కానీ మెలికలు తిరిగిన కథాంశం నన్ను ఒప్పించలేదు మరియు చాలా వరకు చిత్రం ఉందివిచిత్రమైన ప్రశ్నార్థకమైన చూపుతో చూశాడు,0.0
నేను దీన్ని చూడడానికి నా స్నేహితురాలు నన్ను మాట్లాడనివ్వండి చెడు ఆలోచన మేము ఇద్దరం అసహ్యించుకున్నాముఅది,0.0
బేలా లుగోసి పూర్తిగా అతీతమైనది బేసి పంక్తులను కలిగి ఉంది,0.0
యూనివర్సల్ బి కాలం కంటే అధ్వాన్నంగా లేనప్పటికీ నటన నిర్ణయాత్మకంగా చెక్కబడిందిసినిమా,0.0
వావ్ ఎంత చెత్త సినిమా,0.0
కనీసం భయపెట్టడం లేదు మరియు అర్థం చేసుకోలేనిది,0.0
ప్లాట్లు అస్సలు కలిసి ఉండవు మరియు నటన ఖచ్చితంగా ఉందిభయంకరమైన,0.0
క్యాంపు విలువకు కూడా మంచిది కాదు,0.0
నేను ఆస్కార్ మెటీరియల్‌ని ఆశించలేదు అయితే ఇది,0.0
అది చూడకుండా ఉండాలంటే మీరు ముఖ్యంగా తెలివితక్కువ మొలస్క్ యొక్క ని కలిగి ఉండాలిఒకటి వస్తోంది,0.0
ఈ చిత్రం (మరియు నేను ఆ పదాన్ని వదులుగా ఉపయోగిస్తాను) సినిమా చూసేవారిని అవమానించడమేప్రజా,0.0
దానితో ప్రమేయం ఉన్న ఎవరైనా మాత్రమే కథనాన్ని ఎలా స్ట్రింగ్ చేయాలో తెలిస్తే,0.0
దీనికి కి వస్తుంది ఎందుకంటే తక్కువ ఏమీ లేదు,0.0
ఇది నా దగ్గర లేదు కానీ నేను ఇటీవల ఫాక్స్ మూవీలో చూశానుఛానెల్ మరియు చాలా నిరాశ చెందింది,0.0
అతను తన స్క్రిప్ట్‌లపై నియంత్రణ లేని కాంట్రాక్ట్ ప్లేయర్ అని నాకు తెలుసు కానీస్క్రిప్ట్ లాగే నటన కూడా పేలవంగా ఉంది,0.0
విక్టర్ మెక్‌లాగ్లెన్ కూడా చెడ్డవాడు మరియు బ్రియాన్ డాన్‌లెవీ దాదాపుగా ఉన్నాడుగుర్తించలేని,0.0
టేలర్ మరియు స్టాన్‌విక్ మధ్య స్క్రీన్ ఆఫ్ సంబంధాన్ని పరిశీలిస్తే అదిఇద్దరి మధ్య స్క్రీన్‌పై కెమిస్ట్రీ ఎంత తక్కువగా ఉందనేది ఆశ్చర్యంగా ఉందివాటిని,0.0
కానీ చిత్రం యొక్క ఆవరణ చాలా హాస్యాస్పదంగా ఉంది: అధ్యక్షుడు,0.0
మరణశిక్ష సన్నివేశాలు పూర్తిగా కదలకుండా ఉన్నాయి,0.0
టేలర్ నటన కంటే అధ్వాన్నమైన విషయం స్టాన్విక్ గానం నిర్మాత దేని కోసం వెళుతున్నాడో అతను పూర్తిగా మిస్ అయ్యాడు,0.0
చాలా తక్కువ క్యారెక్టరైజేషన్‌తో చౌకైన మరియు ఉల్లాసంగా లేని దోపిడీ చిత్రంఅండర్‌బైట్ స్టైల్ స్టోయిక్ ఎమోటింగ్ (చౌ యున్ ఫ్యాట్ ఇన్ ఎ బెటర్ టుమారో)మరియు కొన్ని చీజీ క్లిచ్‌లు కొన్ని కోసం సిద్ధంగా ఉన్న పాడుబడిన ఫ్యాక్టరీలోకి విసిరివేయబడ్డాయిపేలవంగా అమలు చేయబడిన ఫ్లయింగ్ జూడో రోల్స్ ఎ లా జాన్ వూ,0.0
స్క్విబ్స్ కూడా భయంకరంగా కనిపిస్తాయి,0.0
ప్రొసీడింగ్స్‌లో ఏ సమయంలోనూ అది అమెరికా లాగా రిమోట్‌గా కనిపించదు,0.0
ప్లాట్లు ఇది వంటిది చాలా ఉత్పన్నం మరియు ముగింపు అంత ఊహించదగినదిదయ చంపడం లాంటిది,0.0
షాట్ టాప్ పొందే ప్రతి ఒక్కరి భయంకరమైన డైలాగ్ మరియు నిస్సహాయ ఓవర్ యాక్షన్స్థలం మరియు సమయం యొక్క నిజమైన వృధా నుండి,0.0
ఈ సినిమా ఎంత దారుణంగా ఉందనే దానితో నేను చాలా అసహనంగా ఉన్నాను కానీ అస్సలు భయపడలేదు,0.0
డైలాగ్ కాస్త అర్ధం కాని విషయాలతో కూడి ఉంటుంది,0.0
మామూలు వృద్ధ నటులను చూపించడానికి దాదాపు నిమిషాల ఫుటేజ్ వృధా చేయబడిందివికారంగా మాట్లాడటం సరికాని నకిలీ సాతానుయుక్తవయసులో గోత్ బ్లష్ చేయండి దాదాపు ఎల్లప్పుడూ పాత ఆంగ్లంలో మరియు కొన్నిసార్లులాటిన్ పదాలను రూపొందించవచ్చు లేదా చేయకపోవచ్చు,0.0
దర్శకత్వం బాగా స్లోగా ఉంది,0.0
హాక్నీడ్ రైటింగ్ ఖచ్చితంగా కానీ చెడు దర్శకత్వం ద్వారా మరింత దిగజారింది,0.0
అయితే నటన అబ్బురపరుస్తుంది,0.0
మొత్తం నటీనటుల నటనను ఒక స్థాయిలో మరియు సమతుల్యంగా ఉంచవచ్చుఅతిగా నటించడం మరియు తగ్గించడం మధ్య సంపూర్ణంగా ఉంటుంది,0.0
మరియు చివరగా అన్ని తరువాత మేము ఒక ముగింపుని పొందుతాముజెర్రీ ఫాల్వెల్ కాకుండా సమర్థులైన వ్యక్తులచే నిర్వహించబడితే గొప్పది,0.0
నా ఇంద్రియాలు కఠినమైన తీగలతో దాడి చేయబడినట్లు నాకు ప్రత్యేకంగా గుర్తుందిసంగీతం చాలా తక్కువ హెచ్చరికతో మరియు ఇంకా తక్కువగా ఉంటుందిఅర్థం,0.0
ఇది శిక్షించడానికి మధ్యాహ్నం ప్రదర్శించబడే పాప్ యొక్క విధమైనదిఉద్యోగాలు లేకపోవడంతో నిరుద్యోగులు,0.0
ఈ సినిమా ప్రారంభమైన పది నిమిషాలకే నాకు రెండో ఆలోచనలు మొదలయ్యాయి,0.0
ఈ సినిమా సగం అయ్యేసరికి నాకు నచ్చకపోవడం మొదలుపెట్టాను,0.0
సినిమా ముగిసే సమయానికి నేను దానిని ఇష్టపడకపోవడమే కాదు తృణీకరించాను,0.0
ఈ సినిమాలో లోపించింది కన్విన్సింగ్ స్క్రిప్ట్,0.0
కేవలం రఫ్ డ్రాఫ్ట్ మాత్రమే రాసి షూటింగ్ ప్రారంభించినట్లు స్క్రిప్ట్ కనిపిస్తోందిపూర్తయిన స్క్రిప్ట్ పూర్తి కావడానికి ముందు,0.0
విషయాలు జరుగుతాయి పాత్రల వ్యక్తిత్వాలు మారుతాయి ప్లాట్ మలుపులు లేవుదానికి స్క్రిప్ట్ కాల్స్ కాకుండా అసలు కారణం,0.0
ఇది బహుశా నా మొత్తంలో నేను చూసిన అత్యంత చికాకు కలిగించే ప్రదర్శనజీవితం,0.0
ఇది వర్ణించలేని విధంగా నేను చూసిన అత్యంత బాధించే మరియు ఇడియటిక్ షో,0.0
దాని గురించి ప్రతిదీ కేవలం చెడ్డది,0.0
ఏ విధమైన మూర్ఖుడు ఈ గందరగోళాన్ని సృష్టిస్తాడో నాకు అర్థం కాలేదుమొదటి స్థానంలో అనేక సీజన్లను పేర్కొనలేదు,0.0
స్క్రిప్ట్ చెడ్డది చాలా చెడ్డది ఇందులో చీజ్నెస్ మరియు అనైతికం రెండూ ఉన్నాయిమీరు సాధారణంగా రేటింగ్ పొందిన లేదా సినిమాలో చూసే జోక్,0.0
కాస్టింగ్ కూడా చాలా భయంకరంగా ఉంది ఎందుకంటే మీరు చూసేదంతా నిజంగా చెడ్డదినటులు కాలం,0.0
చివరి మాట: ఈ షో నిజమైన హింస,0.0
ఇది వాస్తవికతకు జిలియన్ రెట్లు దూరంలో ఉంది,0.0
వాషింగ్ మెషీన్ చుట్టూ తిరుగుతున్నట్లు చూడటం వలన మీ కళ్ళు పెద్దగా బాధించవుఈ ప్రదర్శనగా,0.0
రేటింగ్: (గ్రేడ్: ) గమనిక: ప్రదర్శన చాలా చెడ్డది తల్లి కూడాకాస్ట్ పుల్ హర్ డాటర్ ఆఫ్ ది షో,0.0
వ శతాబ్దపు ఫాక్స్ రోడ్ హౌస్ ) చాలా వెర్రి నోయిర్ మాత్రమే కాదుఒక చలనచిత్రం యొక్క అసంపూర్ణమైన బోర్,0.0
నమ్మశక్యం కాని కార్డ్‌బోర్డ్ అక్షరాలతో నిండిన దానిని ఎడ్వర్డ్ నిర్మొహమాటంగా వ్రాసాడుచోడోరోవ్ కూడా నిర్మించారు మరియు ఆశ్చర్యకరంగా జీన్ దర్శకత్వం వహించారునెగులేస్కో వీరి నుండి ఒక గొప్ప ఒప్పందాన్ని ఆశించవచ్చు,0.0
ఇక్కడ నుండి పాత్ర అనుకోకుండా హాస్యాస్పదంగా మారుతుంది,0.0
అతను తన గోళీలను చాలా ప్రారంభంలో పోగొట్టుకోవడం పూర్తిగా నమ్మశక్యం కానిదిమరియు నమ్మశక్యం కానిది,0.0
మరియు అది మీకు చలనచిత్రం యొక్క గందరగోళానికి సరిపోకపోతే చిత్రంస్టూడియో సెట్‌లు మరియు ఇండోర్ ఎక్స్‌టీరియర్స్‌ని నిరంతరం ఉపయోగించడంతో కూడా దెబ్బతింది,0.0
అలాంటి డాక్యుమెంటరీని ఏది ప్రేరేపించినా అది నాకు మించినది కాదు,0.0
(వెరీ సీరియస్ స్పాయిలర్స్) ఈ సినిమా చాలా నిరాశపరిచింది,0.0
కానీ సినిమా చాలా తీవ్రమైన తప్పులను చేస్తుంది,0.0
అన్నింటిలో మొదటిది తగినంత జాతి మూసలు మరియు జాతి జోకులు ఉన్నాయిఅందరినీ కించపరచండి,0.0
ఈ చిత్రం నల్లజాతి తారాగణం పట్ల స్పష్టమైన జాతి దూషణలతో నిండి ఉందిసభ్యులు మరియు బదులుగా శ్వేతజాతీయులు మూర్ఖులు మరియు వక్షోజాలుగా చిత్రీకరించబడ్డారు,0.0
రేసు కార్డును పక్కన పెట్టి సినిమాలోని ప్రధాన లోపాన్ని చూద్దాం:వారు లతీఫా పాత్రను నాశనం చేస్తారు,0.0
అసలు ప్లాట్ లేదు,0.0
నేను ఈ సినిమాను మళ్లీ ఉచితంగా చూడను,0.0
క్రూరమైన థగ్ యొక్క బైపోలారిటీ (ఒక నిమిషం క్రూరమైన కిల్లర్ దితదుపరి నిమిషంలో లవ్ డైపర్ కమర్షియల్) పూర్తిగా నమ్మశక్యం కానిది,0.0
ఈ చిత్రానికి ఇన్ని అవార్డులు రావడంతో నేను తీవ్ర నిరాశకు గురయ్యానుప్రశంసలు ప్రత్యేకించి చాలా ఎక్కువ అర్హత కలిగిన చలనచిత్రాలు బయటకు వచ్చినప్పుడుఅక్కడ,0.0
ఈ రీమేక్‌లో రీడీమ్ చేసే లక్షణాలు లేవని నేను అనుకుంటున్నాను,0.0
అతను తీసిన ఏకైక చెత్త సినిమా ఇదే కావచ్చు,0.0
చాలా చెడ్డదిఅలాగేఇది చెడ్డది,0.0
ఈ చిత్రం ఒక చెడ్డ ప్లాట్లు మరియు చాలా చాలా చెడ్డ ఆలోచనకు గట్టి ఉదాహరణమార్గం,0.0
థామర్సన్ మరియు జేమ్స్ వంటి మంచి నటులు జీవించడం సిగ్గుచేటుఇలాంటి గందరగోళం,0.0
ఇది చెడ్డదని నేను అనుకున్నాను,0.0
రెండు చిత్రాలు భయంకరమైనవి కానీ వెర్షన్ యొక్క క్రెడిట్‌కి అదిచూడదగిన,0.0
అన్ని సమస్యలతో ప్రారంభిద్దాంనటన ముఖ్యంగా ప్రధాన పాత్ర నుండిప్రొఫెసర్ చాలా చాలా చెడ్డవాడు,0.0
స్క్రిప్ట్ పెద్ద లోపభూయిష్ట గందరగోళం,0.0
అది స్థాపించబడినప్పుడు రచన ఎంత మూగగా ఉంటుందో దానికి ఉత్తమ ఉదాహరణమీరు నెక్లెస్‌ని తీసివేయడం ద్వారా జోంబీవిద్యార్థులను మళ్లీ మనుషులుగా మార్చవచ్చుఉల్క యొక్క భాగాన్ని కలిగి ఉంటుంది,0.0
దర్శకుడు పాల్ మాథ్యూస్ బలహీనమైన రాక్షసుడిని కూడా రచించారుదర్శకత్వం వహించారుచిత్రం గ్రిమ్ స్పష్టంగా తన చిత్రాలను ఎలా పేస్ చేయాలో తెలియదు,0.0
సినిమా చాలా చోట్ల బోరింగ్‌గా ఉంది,0.0
లైటింగ్ భయంకరంగా ఉంది,0.0
చిత్రం చౌకగా మరియు చవకైనదిగా కనిపిస్తుంది,0.0
గుర్తించదగిన గోర్ లేకపోవడం అత్యంత నిరాశపరిచే అంశాలలో ఒకటి,0.0
ఈ సమావేశం గతంలో ఎప్పుడూ బాగా పని చేయలేదు మరియు ఖచ్చితంగా పని చేయదుఇక్కడ,0.0
విజువల్ ఎఫెక్ట్స్ అద్భుతంగా ఉన్నాయి,0.0
స్పేస్‌లో ఓపెనింగ్ సీక్వెన్స్ సృష్టించబడి ఉండవచ్చుదేవుని కొరకు స్లైడ్‌షోలో,0.0
చివర్లో గ్యాస్ ట్యాంక్‌ల పేలుడు కూడా అంతే భయంకరంగా ఉంది,0.0
సినిమా మొత్తంలో చెప్పాలంటే బ్రీడర్స్ ఒక భయంకరమైన తక్కువ ఖర్చుతో రూపొందించబడిన భయానక చిత్రంఎబోలా వైరస్ లాగా నివారించబడాలి,0.0
సిఫార్సు చేయబడలేదు,0.0
అతను తెరపై చూడటానికి దాదాపు భరించలేడు అతనికి తక్కువ ఆకర్షణ లేదుమరియు భయంకరమైన హాస్య సమయము,0.0
ఇది భయంకరమైన ప్రధాన పాత్రను పక్కన పెడితే ఈ చిత్రానికి అనేక ఇతర డెబిట్‌లు ఉన్నాయి,0.0
ఇది చవకైన పాప్‌కార్న్ కామెడీ అని నేను అర్థం చేసుకున్నాను కానీ అది మన తెలివితేటలను పూర్తిగా అవమానించవలసి ఉంటుందని కాదు మరియు ఇది ప్రమాదకరమైనదిగా సరిహద్దులుగా ఉండేలా చాలా నమ్మశక్యంకాని విధంగా రాయడం జరిగింది,0.0
లూయిస్ బ్లాక్ యొక్క గణనీయమైన ప్రతిభ అతని వద్ద ఉన్నందున ఇక్కడ కూడా వృధా చేయబడిందిఅతను అపరిమితంగా ఉన్నప్పుడు చాలా మంటగా ఉంటాడు ఇది ఖచ్చితంగా రేటింగ్అనుమతించదు,0.0
ఇప్పుడు ఖర్చుపెట్టిన మొదటి సినిమా ఒరిజినాలిటీ మరియు ఫ్రెష్‌నెస్‌తో ఇదిరీమేక్‌కి ఇంకేం ఆఫర్ లేదు,0.0
బడ్జెట్ స్పష్టంగా చాలా పరిమితంగా ఉంది,0.0
ఇది తారాగణంలో మాత్రమే కాకుండా దిగువసమానంలో కూడా ప్రతిబింబిస్తుందిస్క్రిప్ట్ ఇది మునుపటి క్లాసిక్ నుండి చాలా అరువు తెచ్చుకుంది,0.0
అయితే ఇక్కడ సరైన నటన యాక్షన్ లేదా లొకేషన్ వర్క్ లేదువిషయాలను సమతుల్యం చేయండి,0.0
చిత్రీకరణ అంతగా విస్తరించలేదు,0.0
ఇది గొప్ప భాగమైన ప్రకృతి దృశ్యాల విస్తృత స్వీప్‌ను తెలియజేయడంలో విఫలమైందిఅసలు యొక్క,0.0
సాధారణంగా; అది కేవలం ఊహ లోపించింది,0.0
సిఫార్సు చేయబడలేదు,0.0
ఇంతకంటే దారుణంగా సినిమా రావడం సాధ్యమేనా,0.0
మిమ్మల్ని మొదటి స్థానంలో ఉంచడానికి ఇక్కడ ప్లాట్లు ఏవీ లేవు,0.0
స్త్రీలు చివరకు కనిపించినప్పుడు కూడా మెరుగుదల యొక్క సంకేతం లేదు; దిచాలా ఊహించినవి జరుగుతాయి మరియు సినిమా పూర్తయ్యే సమయానికి మీరు ఉండవచ్చుచాలా నిద్రలో ఉంటుంది,0.0
జాగ్రత్త: ఇది ట్రాష్ కల్ట్ మూవీ కాదు ఇది ట్రాష్పీరియడ్,0.0
దీనికి సీక్వెల్ కూడా ఉందని నేను నమ్మలేకపోతున్నాను,0.0
నేను దీనికి ఇంత చెడ్డ సమీక్ష ఎందుకు ఇస్తున్నాను,0.0
ఈ కథలోని ప్రతి మూలకం చాలా ఎక్కువగా ఉంది మితిమీరిన మోసపూరితమైనది మరియుకూర్చోవడం బాధాకరం అని కుట్ర చేసింది,0.0
ఆమె పంక్తులు ఒక పదిహేను సంవత్సరాల వయస్సులో వ్రాసినట్లు అనిపిస్తుందిఓ పదిహేనేళ్ల వయసులో ఎలా ఉంటుందో అనిపించడం చాలా కష్టంనిజంగా అయ్యో మీకు తెలుసా బాగా మాట్లాడండి,0.0
ఈ పేలవంగా చేసిన దానికి ఎటువంటి సాకు లేదు,0.0
ఈ సినిమా చూసి ఇదో స్టుపిడ్ సినిమా అనుకున్నాను,0.0
ఇంకా మూర్ఖత్వం ఏమిటంటే అక్కడ ఒక ఆలోచనను ఎవరు కలిగి ఉన్నారులాస్ ఏంజిల్స్‌లో అగ్నిపర్వతం ఉండాలి,0.0
మీతో నిజాయితీగా ఉండటానికి ఇది నమ్మశక్యం కాని అర్ధంలేనిది మరియు చాలా మూర్ఖత్వం,0.0
ముగింపులో లాస్‌లోని అగ్నిపర్వతం కారణంగా నేను ఈ సినిమాతో బాధపడనుఏంజెల్స్ నాన్సెన్స్ తప్ప మరొకటి కాదు,0.0
స్టోరీ లైన్ చాలా భయంకరంగా ఉంది,0.0
ఇది కేవలం బాధాకరమైనది,0.0
మరియు స్వరాలు పూర్తిగా అసహ్యంగా ఉన్నాయి,0.0
నన్ను వాంతి చేసుకునేంత కపటత్వం కూడా ఈ సినిమాలో ఉంది,0.0
పరిశోధన చేయని ఈ చెత్త సినిమాని చూస్తూ మీ సమయాన్ని వృధా చేసుకోకండి,0.0
దీన్ని చూడటం మానేయండి,0.0
నా రేటింగ్: లో,0.0
వివరించలేని వాటితో పక్కన పెట్టబడినందున ప్రాథమిక ఆవరణ వృధా అవుతుందిడాక్యుమెంటరీ సిబ్బందిపై దృష్టి పెట్టండి,0.0
ఏది ఏమైనప్పటికీ సినిమా చాలా స్థాయిలలో విఫలమైంది అన్ని ఖర్చులు వద్ద మానుకోండి,0.0
జిమ్ ఓకానర్ చాలా ఎనర్జిటిక్ అని మరియు ఎవరూ అలా ఉండరని నాకు తెలుసుఅతనిలాగా కానీ జార్జ్ బాగా నిస్తేజంగా ఉన్నాడు,0.0
అతను నిజంగా హోస్ట్ చేయాలనుకుంటున్నట్లు కనిపించలేదు; అతని వాయిస్ ఓవర్లు ఉన్నాయిమార్పులేని అతిథులతో పాలుపంచుకోలేదు,0.0
ఈ చిత్రం చాలా భయంకరంగా ఉంది అది కూడా కాలేదుసృష్టించారు,0.0
సినిమాలో నిజమైన భయాలు లేదా టెన్షన్ కొన్ని వైద్యపరమైన అంశాలు లేవుఅంతటా ఉపయోగించిన పదజాలం కనీసం చెప్పాలంటే కొంచెం ఇష్టంగా ఉంది నేను చెప్పానునేను ఇన్సులిన్ డిపెండెంట్ డయాబెటిక్ గా,0.0
నటన గురించి ఎంత తక్కువ చెప్పుకుంటే అంత మంచిది,0.0
ఆ సమయంలో () పేలవమైన ఉత్పత్తి విలువలను కూడా అనుమతించడం మరియు దిఫార్మాట్ (ఒక రకమైన చిన్నసిరీస్) ఇది బాఆఆద్,0.0
మీరు ఆస్టెన్ యొక్క ప్రస్తుతం ఉన్న అన్ని చిత్రాలను దృశ్యమానంగా సేకరించడానికి సిద్ధంగా ఉన్నట్లయితే తప్పపని మీరు దీన్ని దాటవేయవచ్చు,0.0
ఇది మంచిది కాదు,0.0
సంగీతం గురించి చెప్పాలంటే ఇది భరించలేనంతగా ఊహించదగినది మరియు కిచీగా ఉంది,0.0
అప్పుడు చిత్రం కేవలం బంతి పడిపోయింది,0.0
ఈ సినిమా ఎవరికైనా స్ఫూర్తిగా నిలుస్తుందో లేదో చూడలేకపోతున్నానుభయం మరియు తిరస్కరణను అధిగమించండి,0.0
ఇది చాలా చెడ్డది ఆ కారణంగా చూడటం విలువైనది,0.0
సరే ఎంత చెడ్డదో ఆలోచిస్తూ ఉంటే చాలు,0.0
ఇది మధ్యస్థమైన దయనీయమైన బోలుగా నవ్వించదగిన మరియు ఊహించదగిన భాగంచెత్త,0.0
ఇది చాలా చెడ్డది నవ్వు అన్న సందర్భం,0.0
) కంప్యూటర్ నిపుణురాలు ఏంజెలా బెన్నెట్ పాత్రలో చాలా చెడ్డ ప్రదర్శన ఉందిఅన్ని సమయాలలో ఇంటికి,0.0
ఇది ఏమీ లేని చిత్రం హాస్యాస్పదమైన చర్యను చూపించడానికి ఒక సాకుదృశ్యాలు,0.0
ఆమె ఎంత దారుణం,0.0
కానీ ఆమె ఇప్పటికీ చెడ్డ నటి ప్రతిదానిలో ఆమె రోబోటిక్ ముఖం కదలికలను పునరావృతం చేస్తుందిఆమె చిత్రాలలో,0.0
ఫలితాలు బాగా అవమానకరమైనవి మీ మనస్సు నుండి ఈ చిత్రాన్ని తొలగించండి,0.0
ఆల్ టైమ్ చెత్త షోలలో ఒకటి,0.0
ఒకదానికొకటి స్మార్ట్ గాడిద వ్యాఖ్యలతో ప్రదర్శన ప్రారంభమవుతుందిపూర్తిగా గోడకు దూరంగా ఉండండి మరియు పిలవబడదు,0.0
లావుగా ఉన్న కంప్యూటర్ గీక్ నమ్మశక్యం కానిది బైబిల్ థంపర్ చెడ్డ గాడిదఅమ్మాయి ఈ నటులు ఎవరు,0.0
పూర్తిగా నమ్మశక్యం కాని కోల్ తప్ప వారిలో ఎవరి గురించి వినలేదుభాగం,0.0
అతను నోరు తెరిచిన ప్రతిసారీ మీరు పిల్లలను చూస్తారు అని మీరు వినాలని ఆశిస్తారు,0.0
ఈ భయంకరమైన ప్రదర్శన కోసం ప్లగ్‌ని లాగడం దయతో చంపడం,0.0
కథలు నటీనటుల వలె నమ్మశక్యం కానివి,0.0
దానిని వివరించడానికి కుంటి ఉత్తమ మార్గం,0.0
నేను కూడా గేమ్‌లకు పెద్ద అభిమానిని కానీ ఈ చిత్రం ఇది ఎవరికైనా అవమానకరం గౌరవం ఉంది,0.0
లైన్స్ కట్స్ ఆడియో అన్నీ తప్పు,0.0
మీరు యూట్యూబ్‌లో మంచి సినిమాలను కనుగొనవచ్చు,0.0
టాప్ లైన్: దీని కోసం మీ సమయాన్ని మరియు డబ్బును వృధా చేయకండి ఇది అంత చెడ్డదివస్తుంది,0.0
నిద్రపోవలసిన లాస్సీ సినిమా ఎప్పటికీ ఒక చిత్రం యొక్క ఈ బాధాకరమైన నిరుత్సాహకరమైన సమయాన్ని వృధా చేయడాన్ని నేను ఎలా వివరిస్తాను,0.0
ప్రతి అంశంలో చాలా సాధారణమైనది అది కేవలం నిస్తేజంగా రసహీనంగా మారుతుందిగజిబిజి నేను చూసిన సినిమాల్లో ఇది చాలా మర్చిపోలేని సినిమా,0.0
ఇది చాలా చెడ్డదిమంచిది లేదా అంత చెడ్డదిఇదిగా కూడా సాధించినది కాదుమెమరబుల్ సినిమా,0.0
ఇది సినిమా యొక్క ఖాళీ ఖాళీ షెల్,0.0
తీవ్రంగా మీ లేదా మీ పిల్లల సమయాన్ని వృధా చేయడం విలువైనది కాదు,0.0
మానుకోండి తప్పించుకోండి తప్పించుకోండి,0.0
ఇది మిమ్మల్ని పిచ్చిగా అరుస్తుంది,0.0
అక్కడ కొత్తేమీ లేదు,0.0
అది రెండో సినిమాలో చేసింది,0.0
సినిమాలో దాదాపు యాక్షన్ సన్నివేశాలు లేవు మరియు కామెడీ చాలా తక్కువ,0.0
ప్లాట్‌లో ఒక జత ఫిష్‌నెట్ మేజోళ్ల కంటే ఎక్కువ రంధ్రాలు ఉన్నాయిదర్శకత్వం మరియు ఎడిటింగ్ అద్భుతంగా ఉంది,0.0
ఈ చిత్రంలో ఐరన్‌లు ఏమి చేస్తున్నారు,0.0
చివర్లో ఫుట్‌బాల్ సన్నివేశాలు కలవరపరిచాయి,0.0
ఈ దృశ్యం చాలా బలంగా మరియు అసహ్యంగా ఉంది,0.0
మరియు అది బోరింగ్,0.0
నేను బద్ధకంగా వ్రాసే క్లిచ్‌లతో విసిగిపోయాను మరియు అవి ఇక్కడకు వచ్చాయిమందపాటి మరియు వేగవంతమైన,0.0
ఈ సినిమా ఎందుకు తీశారు,0.0
ఈ చిత్రానికి అల్ట్రా చీప్ లుక్ ఉంది,0.0
ఫలితం సరిగ్గా కనిపించని సినిమా వాటిలో ఏవీ ఆకర్షణీయంగా లేదా ఉత్తేజకరమైనవి కావు,0.0
ప్లాట్లు అర్ధంలేనివి అది స్వల్పంగానైనా ఆసక్తిని కలిగి ఉండదుదానికి ఏదైనా ప్రత్యేకత,0.0
విదేశీయుడు మీ సమయానికి ఒక్క సెకను విలువైనది కాదు,0.0
ఈ చెత్త ముక్క ఎలా విడుదల చేయబడిందో నాకు మించినది: నటన దికథ పాత్రలు స్పెషల్ ఎఫెక్ట్‌లుగా చెప్పబడేవి మొదలైనవిఇదంతాతప్పు,0.0
వాస్తవానికి ఈ దుర్వాసన నేరుగా వీడియో విడుదల వలె ఉంటుంది,0.0
అన్ని ఖర్చులతో మానుకోండి,0.0
స్టార్ ట్రెక్ చివరి ఫ్రాంటియర్ సిరీస్‌లో చెత్తగా ఉంది,0.0
పాల్గొన్న అందరి నుండి నటన మరియు షాట్నర్ వంటి వారు కూడా ఉన్నారునిమోయ్ చెడ్డవాడు మరియు కొట్టుకుపోయాడు మరియు వారు లోపలికి చూసినంత వృద్ధాప్యంగా కనిపించారునిజ జీవితంలో స్పెషల్ ఎఫెక్ట్స్ స్పోక్ రక్షించాల్సి వచ్చినప్పుడు లాగా పనికిరాకుండా ఉంటాయిఅతను పర్వతం నుండి పడిపోయినప్పుడు జెట్ ప్యాక్‌పై కిర్క్,0.0
హాస్యం కోసం చేసిన ప్రయత్నాలు దయనీయంగా ఉన్నాయి మరియు కథ చాలా భయంకరంగా ఉంది అది భరించలేదుప్రాథమికంగా వల్కాన్ ఎంటర్‌ప్రైజ్‌ను దొంగిలించడం గురించి ఆలోచించడందేవుడిని కనుగొనడానికి (తీవ్రంగా) నేను ఈ సినిమా గురించి ఏదీ పట్టించుకోలేదు మరియు ఓహ్మగ గార్డుల దృష్టి మరల్చడానికి ఉహురా బెల్లీ డ్యాన్స్ చేస్తుందని ప్రత్యేకంగా చెప్పనక్కర్లేదు,0.0
ఈ సినిమాకి మంచి ప్రదేశం చెత్తలో మాత్రమే,0.0
సిరీస్‌లో చెత్త ఒకటి,0.0
చాలా నిరాశ చెందారు మరియు ఆస్కార్ షార్ట్‌లిస్ట్‌లో ఇది ఎలా ఉంటుందో అని ఆశ్చర్యపోయారు,0.0
ఇది చాలా నెమ్మదిగా ఉంది,0.0
ప్లాట్‌లో చాలా రంధ్రాలు ఉన్నాయి: అతను ఎలా అయ్యాడు అనే దాని గురించి ఏమీ లేదుచక్రవర్తి; అతను తన బాల్యం మరియు మధ్య సంవత్సరాలు గడిపిన దాని గురించి ఏమీ లేదుపరిపక్వ వయస్సు,0.0
) మీ సమయాన్ని వృధా చేసుకోకండి,0.0
ఎండ్ ఆఫ్ డేస్ నేను చూసిన అత్యంత చెత్త భారీ బడ్జెట్ యాక్షన్ సినిమాల్లో ఒకటి,0.0
ఒక పొందికైన యాక్షన్ సినిమాని ఎలా తీయాలో అతనికి ఖచ్చితంగా తెలియదుఎయిర్ ఫోర్స్ వన్ యొక్క స్క్రీన్ రైటర్ స్క్రిప్ట్ రాయడానికి మాత్రమే బాధ్యత వహించాడుకేవలం పెద్ద మొత్తంలో డబ్బు కోసం,0.0
నేను చూసిన చెత్త సినిమాల్లో ఇదొకటి,0.0
అది ఎంత ఘోరంగా ఉందో నేను ఇంకా అధిగమించడానికి ప్రయత్నిస్తున్నాను,0.0
గంట నిమిషాల నిష్కపటమైన టెడియం మెలోడ్రామా మరియు భయంకరమైన నటన గందరగోళంఒక స్క్రిప్ట్ మరియు గుడ్ లార్డ్ యొక్క మునిగిపోతున్న భావన వారు ఏమి ఆలోచిస్తున్నారు,0.0
స్క్రిప్ట్‌లో చాలా రంధ్రాలు ఉన్నాయి,0.0
ఇది చెడ్డ రెండు గంటల టీవీ సినిమాలా ఉంది,0.0
ఇప్పుడు ఆ నిర్ణయాలలో ప్రతి ఒక్కటి తప్పు అని ఊహించుకోండి,0.0
డైలాగ్ దారుణంగా ఉంది,0.0
నటన అంతకు మించినది,0.0
అంతా దుర్వాసన,0.0
ఇబ్బంది ఏమిటంటే రచన మరియు దర్శకత్వం దానిని స్థాపించడం అసాధ్యంపాత్ర కథ ఇతివృత్తం వంటి సినిమాలను చూడగలిగేలా చేసే అంశాలుమరియు అందువలన న,0.0
అధ్వాన్నంగా చాలా బలహీనమైన ఉపప్లాట్ విసిరివేయబడింది లేటర్డే మాన్సోనైట్‌ల చిన్న బ్యాండ్ వారు ఒక రిపోర్టర్‌ని వెంబడిస్తున్నారుహత్యల వార్షికోత్సవం సందర్భంగా ఒక కథనాన్ని రూపొందిస్తున్నాను,0.0
ఇది మూగ మరియు అర్ధంలేనిది మరియు పూర్తి సమయం వృధా క్లుప్తంగా చెప్పాలంటే ఈ సినిమాతో బాధపడకండి,0.0
అలాగే కథ నటన బలహీనంగా ఉన్నాయి,0.0
సాయంత్రం గంటలకు నేను దానిని కొన్నాను రాత్రి గంటలకు నేను చూడటం ప్రారంభించాను ఏదైనా ఉందా అని చూడడానికి మిగిలిన ఫిల్మ్‌ని ఫాస్ట్ ఫార్వార్డ్ చేసానుమెదడు ఉన్న మానవునికి చూడదగినదిగా మిగిలిపోయింది కానీ అది లేదు,0.0
ఎలాగైనా అది పీలుస్తుంది,0.0
స్క్రిప్ట్ భయంకరంగా తెలివితక్కువది,0.0
ఎలాంటి సస్పెన్స్ లేదా బిల్డప్ లేకుండా కథ చాలా వేగంగా మొదలవుతుందిస్వల్పంగా,0.0
కెప్టెన్ హౌడీ చెప్పేదంతా నవ్వు తెప్పిస్తుంది లేదా కేవలం తెలివితక్కువది,0.0
అదెంతటి ఘోరం,0.0
అప్పుడు ప్లాట్ రంధ్రాలు ఉన్నాయి,0.0
మీరు ఈ రంధ్రాలలోకి సెమీ ట్రక్కును నడపవచ్చు,0.0
డీ స్నైడర్ కేవలం సక్స్,0.0
అతను నటించలేడు (నేను చూసిన అతి తక్కువ భయంకరమైన విలన్‌లలో ఒకడు) అతను చేయలేడువ్రాయండి (అతను నిద్రలో ఈ హేయమైన సినిమా రాశాడా,0.0
నేను మొత్తం తిట్టు విషయం అంతా విసుగు చెందాను,0.0
నటన సక్స్ సంగీతం సక్స్ స్క్రిప్ట్ సక్స్ పేసింగ్ సక్స్,0.0
ప్రత్యేక సక్ దర్శకత్వం సక్స్ ప్రాథమికంగా ఈ చిత్రం సక్స్,0.0
ఈ చిత్రం తీవ్రమైన మరియు అధునాతనమైన థ్రిల్లర్హారర్ చిత్రంగా ఉంటుందిమరియు అది ఘోరంగా విఫలమవుతుంది,0.0
ఇది బహుశా తక్కువ ప్రభావవంతమైన మరియు పూర్తిగా అసలైన చిత్రాలలో ఒకటినా జీవితంలో ఎప్పుడూ చూసాను,0.0
సెల్యులాయిడ్‌లో చిత్రీకరించబడిన సినిమా చెత్త ముక్క,0.0
ఏదైనా మరియు అన్ని ఖర్చులను నివారించండి,0.0
ఏది ఏమైనా ఈ చిత్రం దుర్వాసన వేస్తుంది ఇది ఫన్నీ కాదు మరియు ఫుల్సీ అలాగే ఉండి ఉండాలిగియాలో మరియు అతీంద్రియ జోంబీ సినిమాలతో,0.0
అన్ని ఖర్చులతో ఈ చిత్రాన్ని నివారించండి,0.0
ఐదు సీజన్‌లో ఏమి జరిగిందో ఏమి గందరగోళంగా జరిగిందో నాకు తెలియదు,0.0
సిరీస్‌ను కలిపి ఉంచే ఏకైక స్థిరమైన థ్రెడ్ అద్భుతమైనదిలెని పార్కర్ మరియు అనితా లసెల్వా ఇద్దరు టెలోన్‌లుగా నిశ్శబ్దంగా నటించారుభావజాల సంఘర్షణ,0.0
ఇప్పుడు నాకు నచ్చని సినిమా ఇది,0.0
లలో వచ్చిన అత్యంత బోరింగ్ హారర్ సినిమాల్లో ఇది ఒకటినెమ్మదిగా ప్రారంభమవుతుంది మరియు బోరింగ్ వాతావరణంలో కేంద్రీకరిస్తుంది,0.0
తోలుబొమ్మలు నిజంగా చీజీగా కనిపిస్తాయి పప్పెట్‌లో వలె మంచి మార్గంలో లేవుమాస్టర్ ల చిత్రాలు,0.0
కథ మందకొడిగా ఉంది ఆసక్తికరంగా లేదు మరియు చెడు గురించి ఎప్పుడూ వివరించదుతోలుబొమ్మల మూలాలు,0.0
మునుపటి సినిమాల్లో లాగా మరణ సన్నివేశాలు లేవు మరియు ఉన్నాయిభయంకరమైన,0.0
నేను దీన్ని మొదటిసారి చూసినప్పుడు నిద్రపోయినట్లు అనిపించింది కాబట్టి నేను దీన్ని సిఫార్సు చేయగలనునిద్రలేమి,0.0
లేకపోతే దీని కోసం మీ సమయాన్ని కూడా వృథా చేయకండి,0.0
ఇది నిజమైన ఉత్కంఠను సృష్టించడంలో విఫలమైంది,0.0
కిల్లర్ విషయానికొస్తే అసలు లేదా రిమోట్‌గా ఏమీ ఆశించవద్దుభయపెట్టే,0.0
నన్ను క్షమించండి కానీ నేను దీన్ని ఎవరికీ సిఫారసు చేయలేను,0.0
నేను ఇప్పటివరకు చూసిన అత్యంత బోరింగ్ పనికిమాలిన సినిమాల్లో ఒకటి,0.0
ద్వితీయ ప్లాట్ లైన్ అపారమయినది మరియు దానితో సంబంధంప్రాథమిక ప్లాట్ లైన్ రహస్యంగా ఉంది,0.0
అసహ్యించుకున్నారు,0.0
స్పీడ్ తర్వాత ఇది చాలా చెత్తగా ఉన్న సాండ్రా బుల్లక్ సినిమాఅది చెడ్డది,0.0
సినిమా అరల్లోకి ఈ చెత్త ఎలా వచ్చిందో అర్థం కావడం లేదుస్టోర్ ఇది నిజమైన సినిమా కూడా కాదు,0.0
ఈ చెత్తను ఎవరైనా ఇష్టపడగలరా అని నాకు చాలా అనుమానం ఇది సినిమా మేకింగ్ కాదు,0.0
కొయ్య బొమ్మలను అటూ ఇటూ కదులుతున్నట్లు చూస్తూ చదువుతున్నట్టుగా ఉంది నటనఒక పుస్తకం అది ఎంత చెడ్డది,0.0
కాబట్టి మిమ్మల్ని హెచ్చరించడానికి నేను ఇక్కడ ఉన్నానుఈ సినిమాని అద్దెకు తీసుకోకండి ఇది చాలా మూర్ఖపు విషయంమీరు ఎన్నడూ చూడలేదు,0.0
నేను జెస్సికాతో అంగీకరిస్తున్నాను ఈ చిత్రం చాలా చెడ్డది,0.0
పాత్రలు ఒక డైమెన్షనల్‌గా ఉంటాయి మంచి వ్యక్తులు మరియు ముఖ్యంగా చెడ్డవారు కూడాఅబ్బాయిలు,0.0
స్టోరీ లైన్ పూర్తిగా ఊహించదగినది,0.0
నేను ఈ సినిమా కంటే తెలివైన సోప్ ఒపెరాలను చూశాను,0.0
చెడ్డ పాత్రలు చెడ్డ కథ మరియు చెడు నటన,0.0
నిజంగా భయంకరం,0.0
చూడటం సులభం కాదు,0.0
మీరు ఏమి చేసినా గ్రూవ్ అనేది అన్నింటికీ విరుద్ధంగా ఉంటుందిమానవ ట్రాఫిక్ గురించి మంచిది,0.0
పాల్గొన్న ప్రతి ఒక్కరూ క్రోవ్ స్థాయిని పంచుకోకపోవడం చాలా చెడ్డదినాణ్యతకు అంకితం వారు అలా చేస్తే మేము చాలా మంచి చిత్రాన్ని కలిగి ఉంటాముఈ సబ్పార్ మెస్ కంటే మా చేతులు,0.0
సినిమా మొదట్లో కాస్త స్లో అనిపించింది,0.0
మీరు అలాంటి సినిమాలో నటిస్తే మీరు డ్రిఫ్ట్ అవుతారని మీరు సంతోషించాలిభూమికి వీలైనంత దూరంగా,0.0
ఇది లో వచ్చిన చిన్న తరహా స్పేస్ మూవీస్‌పై సర్ఫ్ చేయాలనుకుంటున్నారు (డీప్ఇంపాక్ట్ మరియు ఆర్మగెడాన్) మరియు ఇది ప్రతిచోటా విఫలమవుతుంది,0.0
మీరు చివరి వరకు మీ స్వంత వాంతిలో ఉక్కిరిబిక్కిరి కాకపోతే (అన్ని చౌకగానాటకం మరియు పనికిరాని సంభాషణ) మీరు చనిపోయేంత విసుగు చెంది ఉంటారుఈ సమయం వృధాతో,0.0
బదులుగా మేము వినీ చెడిపోయిన ఆకతాయి బేబీ సిట్టింగ్ గురించి బోర్ ఫెస్ట్ చేసాము,0.0
నేను సినిమా నుండి వేగంగా బయటకు వెళ్లలేదు,0.0
జెస్సీ లాంగే తన బట్టలు తీయడం చూసి నాకు విసుగు వచ్చింది,0.0
దురదృష్టవశాత్తూ ఈ సినిమా నిర్మాణ పనుల్లో ఏ పుణ్యం లేకుండా పోయిందివిచారించదగిన స్క్రిప్ట్,0.0
ఒక్క మాటలో చెప్పాలంటే ఇబ్బందిగా ఉంది,0.0
అసాధారణంగా చెడ్డది,0.0
మొత్తం మీద ఇది ఒకరి తెలివితేటలను అవమానించడం మరియు డబ్బును భారీగా వృధా చేయడం,0.0
